suburb,postcode,registered_vehicles,match_method,source_snapshot_date,source_resource_id,source_url,methodology_url,license_url,attribution,changes
Acacia Ridge,4110,11730,bcc_property_postcode,2022-10-10,9c479cfb-8c19-4759-ad34-bc3123079b94,https://www.data.qld.gov.au/dataset/vehicle-registrations,https://caraway.au/resources/queensland-vehicle-data#brisbane-suburb-snapshot,https://creativecommons.org/licenses/by/4.0/,© The State of Queensland (Department of Transport and Main Roads),Matched and filtered by Caraway
Albion,4010,4515,bcc_property_postcode,2022-10-10,9c479cfb-8c19-4759-ad34-bc3123079b94,https://www.data.qld.gov.au/dataset/vehicle-registrations,https://caraway.au/resources/queensland-vehicle-data#brisbane-suburb-snapshot,https://creativecommons.org/licenses/by/4.0/,© The State of Queensland (Department of Transport and Main Roads),Matched and filtered by Caraway
Alderley,4051,5193,bcc_property_postcode,2022-10-10,9c479cfb-8c19-4759-ad34-bc3123079b94,https://www.data.qld.gov.au/dataset/vehicle-registrations,https://caraway.au/resources/queensland-vehicle-data#brisbane-suburb-snapshot,https://creativecommons.org/licenses/by/4.0/,© The State of Queensland (Department of Transport and Main Roads),Matched and filtered by Caraway
Algester,4115,7391,bcc_property_postcode,2022-10-10,9c479cfb-8c19-4759-ad34-bc3123079b94,https://www.data.qld.gov.au/dataset/vehicle-registrations,https://caraway.au/resources/queensland-vehicle-data#brisbane-suburb-snapshot,https://creativecommons.org/licenses/by/4.0/,© The State of Queensland (Department of Transport and Main Roads),Matched and filtered by Caraway
Annerley,4103,8504,bcc_property_postcode,2022-10-10,9c479cfb-8c19-4759-ad34-bc3123079b94,https://www.data.qld.gov.au/dataset/vehicle-registrations,https://caraway.au/resources/queensland-vehicle-data#brisbane-suburb-snapshot,https://creativecommons.org/licenses/by/4.0/,© The State of Queensland (Department of Transport and Main Roads),Matched and filtered by Caraway
Anstead,4070,2010,bcc_property_postcode,2022-10-10,9c479cfb-8c19-4759-ad34-bc3123079b94,https://www.data.qld.gov.au/dataset/vehicle-registrations,https://caraway.au/resources/queensland-vehicle-data#brisbane-suburb-snapshot,https://creativecommons.org/licenses/by/4.0/,© The State of Queensland (Department of Transport and Main Roads),Matched and filtered by Caraway
Archerfield,4108,4035,bcc_property_postcode,2022-10-10,9c479cfb-8c19-4759-ad34-bc3123079b94,https://www.data.qld.gov.au/dataset/vehicle-registrations,https://caraway.au/resources/queensland-vehicle-data#brisbane-suburb-snapshot,https://creativecommons.org/licenses/by/4.0/,© The State of Queensland (Department of Transport and Main Roads),Matched and filtered by Caraway
Ascot,4007,5350,bcc_property_postcode,2022-10-10,9c479cfb-8c19-4759-ad34-bc3123079b94,https://www.data.qld.gov.au/dataset/vehicle-registrations,https://caraway.au/resources/queensland-vehicle-data#brisbane-suburb-snapshot,https://creativecommons.org/licenses/by/4.0/,© The State of Queensland (Department of Transport and Main Roads),Matched and filtered by Caraway
Ashgrove,4060,10650,bcc_property_postcode,2022-10-10,9c479cfb-8c19-4759-ad34-bc3123079b94,https://www.data.qld.gov.au/dataset/vehicle-registrations,https://caraway.au/resources/queensland-vehicle-data#brisbane-suburb-snapshot,https://creativecommons.org/licenses/by/4.0/,© The State of Queensland (Department of Transport and Main Roads),Matched and filtered by Caraway
Aspley,4034,11674,bcc_property_postcode,2022-10-10,9c479cfb-8c19-4759-ad34-bc3123079b94,https://www.data.qld.gov.au/dataset/vehicle-registrations,https://caraway.au/resources/queensland-vehicle-data#brisbane-suburb-snapshot,https://creativecommons.org/licenses/by/4.0/,© The State of Queensland (Department of Transport and Main Roads),Matched and filtered by Caraway
Auchenflower,4066,6827,bcc_property_postcode,2022-10-10,9c479cfb-8c19-4759-ad34-bc3123079b94,https://www.data.qld.gov.au/dataset/vehicle-registrations,https://caraway.au/resources/queensland-vehicle-data#brisbane-suburb-snapshot,https://creativecommons.org/licenses/by/4.0/,© The State of Queensland (Department of Transport and Main Roads),Matched and filtered by Caraway
Bald Hills,4036,6362,bcc_property_postcode,2022-10-10,9c479cfb-8c19-4759-ad34-bc3123079b94,https://www.data.qld.gov.au/dataset/vehicle-registrations,https://caraway.au/resources/queensland-vehicle-data#brisbane-suburb-snapshot,https://creativecommons.org/licenses/by/4.0/,© The State of Queensland (Department of Transport and Main Roads),Matched and filtered by Caraway
Balmoral,4171,3212,bcc_property_postcode,2022-10-10,9c479cfb-8c19-4759-ad34-bc3123079b94,https://www.data.qld.gov.au/dataset/vehicle-registrations,https://caraway.au/resources/queensland-vehicle-data#brisbane-suburb-snapshot,https://creativecommons.org/licenses/by/4.0/,© The State of Queensland (Department of Transport and Main Roads),Matched and filtered by Caraway
Banyo,4014,7270,bcc_property_postcode,2022-10-10,9c479cfb-8c19-4759-ad34-bc3123079b94,https://www.data.qld.gov.au/dataset/vehicle-registrations,https://caraway.au/resources/queensland-vehicle-data#brisbane-suburb-snapshot,https://creativecommons.org/licenses/by/4.0/,© The State of Queensland (Department of Transport and Main Roads),Matched and filtered by Caraway
Bardon,4065,7819,bcc_property_postcode,2022-10-10,9c479cfb-8c19-4759-ad34-bc3123079b94,https://www.data.qld.gov.au/dataset/vehicle-registrations,https://caraway.au/resources/queensland-vehicle-data#brisbane-suburb-snapshot,https://creativecommons.org/licenses/by/4.0/,© The State of Queensland (Department of Transport and Main Roads),Matched and filtered by Caraway
Bellbowrie,4070,5041,bcc_property_postcode,2022-10-10,9c479cfb-8c19-4759-ad34-bc3123079b94,https://www.data.qld.gov.au/dataset/vehicle-registrations,https://caraway.au/resources/queensland-vehicle-data#brisbane-suburb-snapshot,https://creativecommons.org/licenses/by/4.0/,© The State of Queensland (Department of Transport and Main Roads),Matched and filtered by Caraway
Belmont,4153,4572,bcc_property_postcode,2022-10-10,9c479cfb-8c19-4759-ad34-bc3123079b94,https://www.data.qld.gov.au/dataset/vehicle-registrations,https://caraway.au/resources/queensland-vehicle-data#brisbane-suburb-snapshot,https://creativecommons.org/licenses/by/4.0/,© The State of Queensland (Department of Transport and Main Roads),Matched and filtered by Caraway
Boondall,4034,9194,bcc_property_postcode,2022-10-10,9c479cfb-8c19-4759-ad34-bc3123079b94,https://www.data.qld.gov.au/dataset/vehicle-registrations,https://caraway.au/resources/queensland-vehicle-data#brisbane-suburb-snapshot,https://creativecommons.org/licenses/by/4.0/,© The State of Queensland (Department of Transport and Main Roads),Matched and filtered by Caraway
Bowen Hills,4006,3957,bcc_property_postcode,2022-10-10,9c479cfb-8c19-4759-ad34-bc3123079b94,https://www.data.qld.gov.au/dataset/vehicle-registrations,https://caraway.au/resources/queensland-vehicle-data#brisbane-suburb-snapshot,https://creativecommons.org/licenses/by/4.0/,© The State of Queensland (Department of Transport and Main Roads),Matched and filtered by Caraway
Bracken Ridge,4017,15716,bcc_property_postcode,2022-10-10,9c479cfb-8c19-4759-ad34-bc3123079b94,https://www.data.qld.gov.au/dataset/vehicle-registrations,https://caraway.au/resources/queensland-vehicle-data#brisbane-suburb-snapshot,https://creativecommons.org/licenses/by/4.0/,© The State of Queensland (Department of Transport and Main Roads),Matched and filtered by Caraway
Bridgeman Downs,4035,10125,bcc_property_postcode,2022-10-10,9c479cfb-8c19-4759-ad34-bc3123079b94,https://www.data.qld.gov.au/dataset/vehicle-registrations,https://caraway.au/resources/queensland-vehicle-data#brisbane-suburb-snapshot,https://creativecommons.org/licenses/by/4.0/,© The State of Queensland (Department of Transport and Main Roads),Matched and filtered by Caraway
Brighton,4017,9379,bcc_property_postcode,2022-10-10,9c479cfb-8c19-4759-ad34-bc3123079b94,https://www.data.qld.gov.au/dataset/vehicle-registrations,https://caraway.au/resources/queensland-vehicle-data#brisbane-suburb-snapshot,https://creativecommons.org/licenses/by/4.0/,© The State of Queensland (Department of Transport and Main Roads),Matched and filtered by Caraway
Brisbane Airport,4008,21274,bcc_property_postcode,2022-10-10,9c479cfb-8c19-4759-ad34-bc3123079b94,https://www.data.qld.gov.au/dataset/vehicle-registrations,https://caraway.au/resources/queensland-vehicle-data#brisbane-suburb-snapshot,https://creativecommons.org/licenses/by/4.0/,© The State of Queensland (Department of Transport and Main Roads),Matched and filtered by Caraway
Brisbane City,4000,27432,bcc_property_postcode,2022-10-10,9c479cfb-8c19-4759-ad34-bc3123079b94,https://www.data.qld.gov.au/dataset/vehicle-registrations,https://caraway.au/resources/queensland-vehicle-data#brisbane-suburb-snapshot,https://creativecommons.org/licenses/by/4.0/,© The State of Queensland (Department of Transport and Main Roads),Matched and filtered by Caraway
Brookfield,4069,3999,bcc_property_postcode,2022-10-10,9c479cfb-8c19-4759-ad34-bc3123079b94,https://www.data.qld.gov.au/dataset/vehicle-registrations,https://caraway.au/resources/queensland-vehicle-data#brisbane-suburb-snapshot,https://creativecommons.org/licenses/by/4.0/,© The State of Queensland (Department of Transport and Main Roads),Matched and filtered by Caraway
Bulimba,4171,6544,bcc_property_postcode,2022-10-10,9c479cfb-8c19-4759-ad34-bc3123079b94,https://www.data.qld.gov.au/dataset/vehicle-registrations,https://caraway.au/resources/queensland-vehicle-data#brisbane-suburb-snapshot,https://creativecommons.org/licenses/by/4.0/,© The State of Queensland (Department of Transport and Main Roads),Matched and filtered by Caraway
Burbank,4156,1897,bcc_property_postcode,2022-10-10,9c479cfb-8c19-4759-ad34-bc3123079b94,https://www.data.qld.gov.au/dataset/vehicle-registrations,https://caraway.au/resources/queensland-vehicle-data#brisbane-suburb-snapshot,https://creativecommons.org/licenses/by/4.0/,© The State of Queensland (Department of Transport and Main Roads),Matched and filtered by Caraway
Calamvale,4116,12950,bcc_property_postcode,2022-10-10,9c479cfb-8c19-4759-ad34-bc3123079b94,https://www.data.qld.gov.au/dataset/vehicle-registrations,https://caraway.au/resources/queensland-vehicle-data#brisbane-suburb-snapshot,https://creativecommons.org/licenses/by/4.0/,© The State of Queensland (Department of Transport and Main Roads),Matched and filtered by Caraway
Camp Hill,4152,9972,bcc_property_postcode,2022-10-10,9c479cfb-8c19-4759-ad34-bc3123079b94,https://www.data.qld.gov.au/dataset/vehicle-registrations,https://caraway.au/resources/queensland-vehicle-data#brisbane-suburb-snapshot,https://creativecommons.org/licenses/by/4.0/,© The State of Queensland (Department of Transport and Main Roads),Matched and filtered by Caraway
Cannon Hill,4170,6938,bcc_property_postcode,2022-10-10,9c479cfb-8c19-4759-ad34-bc3123079b94,https://www.data.qld.gov.au/dataset/vehicle-registrations,https://caraway.au/resources/queensland-vehicle-data#brisbane-suburb-snapshot,https://creativecommons.org/licenses/by/4.0/,© The State of Queensland (Department of Transport and Main Roads),Matched and filtered by Caraway
Carina,4152,9385,bcc_property_postcode,2022-10-10,9c479cfb-8c19-4759-ad34-bc3123079b94,https://www.data.qld.gov.au/dataset/vehicle-registrations,https://caraway.au/resources/queensland-vehicle-data#brisbane-suburb-snapshot,https://creativecommons.org/licenses/by/4.0/,© The State of Queensland (Department of Transport and Main Roads),Matched and filtered by Caraway
Carina Heights,4152,5616,bcc_property_postcode,2022-10-10,9c479cfb-8c19-4759-ad34-bc3123079b94,https://www.data.qld.gov.au/dataset/vehicle-registrations,https://caraway.au/resources/queensland-vehicle-data#brisbane-suburb-snapshot,https://creativecommons.org/licenses/by/4.0/,© The State of Queensland (Department of Transport and Main Roads),Matched and filtered by Caraway
Carindale,4152,14006,bcc_property_postcode,2022-10-10,9c479cfb-8c19-4759-ad34-bc3123079b94,https://www.data.qld.gov.au/dataset/vehicle-registrations,https://caraway.au/resources/queensland-vehicle-data#brisbane-suburb-snapshot,https://creativecommons.org/licenses/by/4.0/,© The State of Queensland (Department of Transport and Main Roads),Matched and filtered by Caraway
Carseldine,4034,8127,bcc_property_postcode,2022-10-10,9c479cfb-8c19-4759-ad34-bc3123079b94,https://www.data.qld.gov.au/dataset/vehicle-registrations,https://caraway.au/resources/queensland-vehicle-data#brisbane-suburb-snapshot,https://creativecommons.org/licenses/by/4.0/,© The State of Queensland (Department of Transport and Main Roads),Matched and filtered by Caraway
Chandler,4155,2558,bcc_property_postcode,2022-10-10,9c479cfb-8c19-4759-ad34-bc3123079b94,https://www.data.qld.gov.au/dataset/vehicle-registrations,https://caraway.au/resources/queensland-vehicle-data#brisbane-suburb-snapshot,https://creativecommons.org/licenses/by/4.0/,© The State of Queensland (Department of Transport and Main Roads),Matched and filtered by Caraway
Chapel Hill,4069,8164,bcc_property_postcode,2022-10-10,9c479cfb-8c19-4759-ad34-bc3123079b94,https://www.data.qld.gov.au/dataset/vehicle-registrations,https://caraway.au/resources/queensland-vehicle-data#brisbane-suburb-snapshot,https://creativecommons.org/licenses/by/4.0/,© The State of Queensland (Department of Transport and Main Roads),Matched and filtered by Caraway
Chelmer,4068,2590,bcc_property_postcode,2022-10-10,9c479cfb-8c19-4759-ad34-bc3123079b94,https://www.data.qld.gov.au/dataset/vehicle-registrations,https://caraway.au/resources/queensland-vehicle-data#brisbane-suburb-snapshot,https://creativecommons.org/licenses/by/4.0/,© The State of Queensland (Department of Transport and Main Roads),Matched and filtered by Caraway
Chermside,4032,8302,bcc_property_postcode,2022-10-10,9c479cfb-8c19-4759-ad34-bc3123079b94,https://www.data.qld.gov.au/dataset/vehicle-registrations,https://caraway.au/resources/queensland-vehicle-data#brisbane-suburb-snapshot,https://creativecommons.org/licenses/by/4.0/,© The State of Queensland (Department of Transport and Main Roads),Matched and filtered by Caraway
Chermside West,4032,5869,bcc_property_postcode,2022-10-10,9c479cfb-8c19-4759-ad34-bc3123079b94,https://www.data.qld.gov.au/dataset/vehicle-registrations,https://caraway.au/resources/queensland-vehicle-data#brisbane-suburb-snapshot,https://creativecommons.org/licenses/by/4.0/,© The State of Queensland (Department of Transport and Main Roads),Matched and filtered by Caraway
Clayfield,4011,8451,bcc_property_postcode,2022-10-10,9c479cfb-8c19-4759-ad34-bc3123079b94,https://www.data.qld.gov.au/dataset/vehicle-registrations,https://caraway.au/resources/queensland-vehicle-data#brisbane-suburb-snapshot,https://creativecommons.org/licenses/by/4.0/,© The State of Queensland (Department of Transport and Main Roads),Matched and filtered by Caraway
Coopers Plains,4108,7747,bcc_property_postcode,2022-10-10,9c479cfb-8c19-4759-ad34-bc3123079b94,https://www.data.qld.gov.au/dataset/vehicle-registrations,https://caraway.au/resources/queensland-vehicle-data#brisbane-suburb-snapshot,https://creativecommons.org/licenses/by/4.0/,© The State of Queensland (Department of Transport and Main Roads),Matched and filtered by Caraway
Coorparoo,4151,14687,bcc_property_postcode,2022-10-10,9c479cfb-8c19-4759-ad34-bc3123079b94,https://www.data.qld.gov.au/dataset/vehicle-registrations,https://caraway.au/resources/queensland-vehicle-data#brisbane-suburb-snapshot,https://creativecommons.org/licenses/by/4.0/,© The State of Queensland (Department of Transport and Main Roads),Matched and filtered by Caraway
Corinda,4075,4287,bcc_property_postcode,2022-10-10,9c479cfb-8c19-4759-ad34-bc3123079b94,https://www.data.qld.gov.au/dataset/vehicle-registrations,https://caraway.au/resources/queensland-vehicle-data#brisbane-suburb-snapshot,https://creativecommons.org/licenses/by/4.0/,© The State of Queensland (Department of Transport and Main Roads),Matched and filtered by Caraway
Darra,4076,7073,bcc_property_postcode,2022-10-10,9c479cfb-8c19-4759-ad34-bc3123079b94,https://www.data.qld.gov.au/dataset/vehicle-registrations,https://caraway.au/resources/queensland-vehicle-data#brisbane-suburb-snapshot,https://creativecommons.org/licenses/by/4.0/,© The State of Queensland (Department of Transport and Main Roads),Matched and filtered by Caraway
Deagon,4017,3799,bcc_property_postcode,2022-10-10,9c479cfb-8c19-4759-ad34-bc3123079b94,https://www.data.qld.gov.au/dataset/vehicle-registrations,https://caraway.au/resources/queensland-vehicle-data#brisbane-suburb-snapshot,https://creativecommons.org/licenses/by/4.0/,© The State of Queensland (Department of Transport and Main Roads),Matched and filtered by Caraway
Doolandella,4077,5351,bcc_property_postcode,2022-10-10,9c479cfb-8c19-4759-ad34-bc3123079b94,https://www.data.qld.gov.au/dataset/vehicle-registrations,https://caraway.au/resources/queensland-vehicle-data#brisbane-suburb-snapshot,https://creativecommons.org/licenses/by/4.0/,© The State of Queensland (Department of Transport and Main Roads),Matched and filtered by Caraway
Drewvale,4116,3636,bcc_property_postcode,2022-10-10,9c479cfb-8c19-4759-ad34-bc3123079b94,https://www.data.qld.gov.au/dataset/vehicle-registrations,https://caraway.au/resources/queensland-vehicle-data#brisbane-suburb-snapshot,https://creativecommons.org/licenses/by/4.0/,© The State of Queensland (Department of Transport and Main Roads),Matched and filtered by Caraway
Durack,4077,5859,bcc_property_postcode,2022-10-10,9c479cfb-8c19-4759-ad34-bc3123079b94,https://www.data.qld.gov.au/dataset/vehicle-registrations,https://caraway.au/resources/queensland-vehicle-data#brisbane-suburb-snapshot,https://creativecommons.org/licenses/by/4.0/,© The State of Queensland (Department of Transport and Main Roads),Matched and filtered by Caraway
Dutton Park,4102,1511,bcc_property_postcode,2022-10-10,9c479cfb-8c19-4759-ad34-bc3123079b94,https://www.data.qld.gov.au/dataset/vehicle-registrations,https://caraway.au/resources/queensland-vehicle-data#brisbane-suburb-snapshot,https://creativecommons.org/licenses/by/4.0/,© The State of Queensland (Department of Transport and Main Roads),Matched and filtered by Caraway
Eagle Farm,4009,17609,bcc_property_postcode,2022-10-10,9c479cfb-8c19-4759-ad34-bc3123079b94,https://www.data.qld.gov.au/dataset/vehicle-registrations,https://caraway.au/resources/queensland-vehicle-data#brisbane-suburb-snapshot,https://creativecommons.org/licenses/by/4.0/,© The State of Queensland (Department of Transport and Main Roads),Matched and filtered by Caraway
East Brisbane,4169,5177,bcc_property_postcode,2022-10-10,9c479cfb-8c19-4759-ad34-bc3123079b94,https://www.data.qld.gov.au/dataset/vehicle-registrations,https://caraway.au/resources/queensland-vehicle-data#brisbane-suburb-snapshot,https://creativecommons.org/licenses/by/4.0/,© The State of Queensland (Department of Transport and Main Roads),Matched and filtered by Caraway
Eight Mile Plains,4113,17882,bcc_property_postcode,2022-10-10,9c479cfb-8c19-4759-ad34-bc3123079b94,https://www.data.qld.gov.au/dataset/vehicle-registrations,https://caraway.au/resources/queensland-vehicle-data#brisbane-suburb-snapshot,https://creativecommons.org/licenses/by/4.0/,© The State of Queensland (Department of Transport and Main Roads),Matched and filtered by Caraway
Ellen Grove,4078,2660,bcc_property_postcode,2022-10-10,9c479cfb-8c19-4759-ad34-bc3123079b94,https://www.data.qld.gov.au/dataset/vehicle-registrations,https://caraway.au/resources/queensland-vehicle-data#brisbane-suburb-snapshot,https://creativecommons.org/licenses/by/4.0/,© The State of Queensland (Department of Transport and Main Roads),Matched and filtered by Caraway
Enoggera,4051,5604,bcc_property_postcode,2022-10-10,9c479cfb-8c19-4759-ad34-bc3123079b94,https://www.data.qld.gov.au/dataset/vehicle-registrations,https://caraway.au/resources/queensland-vehicle-data#brisbane-suburb-snapshot,https://creativecommons.org/licenses/by/4.0/,© The State of Queensland (Department of Transport and Main Roads),Matched and filtered by Caraway
Enoggera Reservoir,4520,29,bcc_property_postcode,2022-10-10,9c479cfb-8c19-4759-ad34-bc3123079b94,https://www.data.qld.gov.au/dataset/vehicle-registrations,https://caraway.au/resources/queensland-vehicle-data#brisbane-suburb-snapshot,https://creativecommons.org/licenses/by/4.0/,© The State of Queensland (Department of Transport and Main Roads),Matched and filtered by Caraway
Everton Park,4053,8462,bcc_property_postcode,2022-10-10,9c479cfb-8c19-4759-ad34-bc3123079b94,https://www.data.qld.gov.au/dataset/vehicle-registrations,https://caraway.au/resources/queensland-vehicle-data#brisbane-suburb-snapshot,https://creativecommons.org/licenses/by/4.0/,© The State of Queensland (Department of Transport and Main Roads),Matched and filtered by Caraway
Fairfield,4103,2263,bcc_property_postcode,2022-10-10,9c479cfb-8c19-4759-ad34-bc3123079b94,https://www.data.qld.gov.au/dataset/vehicle-registrations,https://caraway.au/resources/queensland-vehicle-data#brisbane-suburb-snapshot,https://creativecommons.org/licenses/by/4.0/,© The State of Queensland (Department of Transport and Main Roads),Matched and filtered by Caraway
Ferny Grove,4055,5071,bcc_property_postcode,2022-10-10,9c479cfb-8c19-4759-ad34-bc3123079b94,https://www.data.qld.gov.au/dataset/vehicle-registrations,https://caraway.au/resources/queensland-vehicle-data#brisbane-suburb-snapshot,https://creativecommons.org/licenses/by/4.0/,© The State of Queensland (Department of Transport and Main Roads),Matched and filtered by Caraway
Fig Tree Pocket,4069,3821,bcc_property_postcode,2022-10-10,9c479cfb-8c19-4759-ad34-bc3123079b94,https://www.data.qld.gov.au/dataset/vehicle-registrations,https://caraway.au/resources/queensland-vehicle-data#brisbane-suburb-snapshot,https://creativecommons.org/licenses/by/4.0/,© The State of Queensland (Department of Transport and Main Roads),Matched and filtered by Caraway
Fitzgibbon,4018,4362,bcc_property_postcode,2022-10-10,9c479cfb-8c19-4759-ad34-bc3123079b94,https://www.data.qld.gov.au/dataset/vehicle-registrations,https://caraway.au/resources/queensland-vehicle-data#brisbane-suburb-snapshot,https://creativecommons.org/licenses/by/4.0/,© The State of Queensland (Department of Transport and Main Roads),Matched and filtered by Caraway
Forest Lake,4078,19285,bcc_property_postcode,2022-10-10,9c479cfb-8c19-4759-ad34-bc3123079b94,https://www.data.qld.gov.au/dataset/vehicle-registrations,https://caraway.au/resources/queensland-vehicle-data#brisbane-suburb-snapshot,https://creativecommons.org/licenses/by/4.0/,© The State of Queensland (Department of Transport and Main Roads),Matched and filtered by Caraway
Fortitude Valley,4006,11381,bcc_property_postcode,2022-10-10,9c479cfb-8c19-4759-ad34-bc3123079b94,https://www.data.qld.gov.au/dataset/vehicle-registrations,https://caraway.au/resources/queensland-vehicle-data#brisbane-suburb-snapshot,https://creativecommons.org/licenses/by/4.0/,© The State of Queensland (Department of Transport and Main Roads),Matched and filtered by Caraway
Gaythorne,4051,2890,bcc_property_postcode,2022-10-10,9c479cfb-8c19-4759-ad34-bc3123079b94,https://www.data.qld.gov.au/dataset/vehicle-registrations,https://caraway.au/resources/queensland-vehicle-data#brisbane-suburb-snapshot,https://creativecommons.org/licenses/by/4.0/,© The State of Queensland (Department of Transport and Main Roads),Matched and filtered by Caraway
Geebung,4034,8415,bcc_property_postcode,2022-10-10,9c479cfb-8c19-4759-ad34-bc3123079b94,https://www.data.qld.gov.au/dataset/vehicle-registrations,https://caraway.au/resources/queensland-vehicle-data#brisbane-suburb-snapshot,https://creativecommons.org/licenses/by/4.0/,© The State of Queensland (Department of Transport and Main Roads),Matched and filtered by Caraway
Gordon Park,4031,3497,bcc_property_postcode,2022-10-10,9c479cfb-8c19-4759-ad34-bc3123079b94,https://www.data.qld.gov.au/dataset/vehicle-registrations,https://caraway.au/resources/queensland-vehicle-data#brisbane-suburb-snapshot,https://creativecommons.org/licenses/by/4.0/,© The State of Queensland (Department of Transport and Main Roads),Matched and filtered by Caraway
Graceville,4075,3563,bcc_property_postcode,2022-10-10,9c479cfb-8c19-4759-ad34-bc3123079b94,https://www.data.qld.gov.au/dataset/vehicle-registrations,https://caraway.au/resources/queensland-vehicle-data#brisbane-suburb-snapshot,https://creativecommons.org/licenses/by/4.0/,© The State of Queensland (Department of Transport and Main Roads),Matched and filtered by Caraway
Grange,4051,3641,bcc_property_postcode,2022-10-10,9c479cfb-8c19-4759-ad34-bc3123079b94,https://www.data.qld.gov.au/dataset/vehicle-registrations,https://caraway.au/resources/queensland-vehicle-data#brisbane-suburb-snapshot,https://creativecommons.org/licenses/by/4.0/,© The State of Queensland (Department of Transport and Main Roads),Matched and filtered by Caraway
Greenslopes,4120,6254,bcc_property_postcode,2022-10-10,9c479cfb-8c19-4759-ad34-bc3123079b94,https://www.data.qld.gov.au/dataset/vehicle-registrations,https://caraway.au/resources/queensland-vehicle-data#brisbane-suburb-snapshot,https://creativecommons.org/licenses/by/4.0/,© The State of Queensland (Department of Transport and Main Roads),Matched and filtered by Caraway
Gumdale,4154,2499,bcc_property_postcode,2022-10-10,9c479cfb-8c19-4759-ad34-bc3123079b94,https://www.data.qld.gov.au/dataset/vehicle-registrations,https://caraway.au/resources/queensland-vehicle-data#brisbane-suburb-snapshot,https://creativecommons.org/licenses/by/4.0/,© The State of Queensland (Department of Transport and Main Roads),Matched and filtered by Caraway
Hamilton,4007,9248,bcc_property_postcode,2022-10-10,9c479cfb-8c19-4759-ad34-bc3123079b94,https://www.data.qld.gov.au/dataset/vehicle-registrations,https://caraway.au/resources/queensland-vehicle-data#brisbane-suburb-snapshot,https://creativecommons.org/licenses/by/4.0/,© The State of Queensland (Department of Transport and Main Roads),Matched and filtered by Caraway
Hawthorne,4171,4504,bcc_property_postcode,2022-10-10,9c479cfb-8c19-4759-ad34-bc3123079b94,https://www.data.qld.gov.au/dataset/vehicle-registrations,https://caraway.au/resources/queensland-vehicle-data#brisbane-suburb-snapshot,https://creativecommons.org/licenses/by/4.0/,© The State of Queensland (Department of Transport and Main Roads),Matched and filtered by Caraway
Heathwood,4110,4222,bcc_property_postcode,2022-10-10,9c479cfb-8c19-4759-ad34-bc3123079b94,https://www.data.qld.gov.au/dataset/vehicle-registrations,https://caraway.au/resources/queensland-vehicle-data#brisbane-suburb-snapshot,https://creativecommons.org/licenses/by/4.0/,© The State of Queensland (Department of Transport and Main Roads),Matched and filtered by Caraway
Hemmant,4174,5758,bcc_property_postcode,2022-10-10,9c479cfb-8c19-4759-ad34-bc3123079b94,https://www.data.qld.gov.au/dataset/vehicle-registrations,https://caraway.au/resources/queensland-vehicle-data#brisbane-suburb-snapshot,https://creativecommons.org/licenses/by/4.0/,© The State of Queensland (Department of Transport and Main Roads),Matched and filtered by Caraway
Hendra,4011,6609,bcc_property_postcode,2022-10-10,9c479cfb-8c19-4759-ad34-bc3123079b94,https://www.data.qld.gov.au/dataset/vehicle-registrations,https://caraway.au/resources/queensland-vehicle-data#brisbane-suburb-snapshot,https://creativecommons.org/licenses/by/4.0/,© The State of Queensland (Department of Transport and Main Roads),Matched and filtered by Caraway
Herston,4006,1662,bcc_property_postcode,2022-10-10,9c479cfb-8c19-4759-ad34-bc3123079b94,https://www.data.qld.gov.au/dataset/vehicle-registrations,https://caraway.au/resources/queensland-vehicle-data#brisbane-suburb-snapshot,https://creativecommons.org/licenses/by/4.0/,© The State of Queensland (Department of Transport and Main Roads),Matched and filtered by Caraway
Highgate Hill,4101,4220,bcc_property_postcode,2022-10-10,9c479cfb-8c19-4759-ad34-bc3123079b94,https://www.data.qld.gov.au/dataset/vehicle-registrations,https://caraway.au/resources/queensland-vehicle-data#brisbane-suburb-snapshot,https://creativecommons.org/licenses/by/4.0/,© The State of Queensland (Department of Transport and Main Roads),Matched and filtered by Caraway
Holland Park,4121,6490,bcc_property_postcode,2022-10-10,9c479cfb-8c19-4759-ad34-bc3123079b94,https://www.data.qld.gov.au/dataset/vehicle-registrations,https://caraway.au/resources/queensland-vehicle-data#brisbane-suburb-snapshot,https://creativecommons.org/licenses/by/4.0/,© The State of Queensland (Department of Transport and Main Roads),Matched and filtered by Caraway
Holland Park West,4121,5482,bcc_property_postcode,2022-10-10,9c479cfb-8c19-4759-ad34-bc3123079b94,https://www.data.qld.gov.au/dataset/vehicle-registrations,https://caraway.au/resources/queensland-vehicle-data#brisbane-suburb-snapshot,https://creativecommons.org/licenses/by/4.0/,© The State of Queensland (Department of Transport and Main Roads),Matched and filtered by Caraway
Inala,4077,10040,bcc_property_postcode,2022-10-10,9c479cfb-8c19-4759-ad34-bc3123079b94,https://www.data.qld.gov.au/dataset/vehicle-registrations,https://caraway.au/resources/queensland-vehicle-data#brisbane-suburb-snapshot,https://creativecommons.org/licenses/by/4.0/,© The State of Queensland (Department of Transport and Main Roads),Matched and filtered by Caraway
Indooroopilly,4068,9512,bcc_property_postcode,2022-10-10,9c479cfb-8c19-4759-ad34-bc3123079b94,https://www.data.qld.gov.au/dataset/vehicle-registrations,https://caraway.au/resources/queensland-vehicle-data#brisbane-suburb-snapshot,https://creativecommons.org/licenses/by/4.0/,© The State of Queensland (Department of Transport and Main Roads),Matched and filtered by Caraway
Jamboree Heights,4074,2583,bcc_property_postcode,2022-10-10,9c479cfb-8c19-4759-ad34-bc3123079b94,https://www.data.qld.gov.au/dataset/vehicle-registrations,https://caraway.au/resources/queensland-vehicle-data#brisbane-suburb-snapshot,https://creativecommons.org/licenses/by/4.0/,© The State of Queensland (Department of Transport and Main Roads),Matched and filtered by Caraway
Jindalee,4074,4843,bcc_property_postcode,2022-10-10,9c479cfb-8c19-4759-ad34-bc3123079b94,https://www.data.qld.gov.au/dataset/vehicle-registrations,https://caraway.au/resources/queensland-vehicle-data#brisbane-suburb-snapshot,https://creativecommons.org/licenses/by/4.0/,© The State of Queensland (Department of Transport and Main Roads),Matched and filtered by Caraway
Kalinga,4030,1502,bcc_property_postcode,2022-10-10,9c479cfb-8c19-4759-ad34-bc3123079b94,https://www.data.qld.gov.au/dataset/vehicle-registrations,https://caraway.au/resources/queensland-vehicle-data#brisbane-suburb-snapshot,https://creativecommons.org/licenses/by/4.0/,© The State of Queensland (Department of Transport and Main Roads),Matched and filtered by Caraway
Kangaroo Point,4169,7889,bcc_property_postcode,2022-10-10,9c479cfb-8c19-4759-ad34-bc3123079b94,https://www.data.qld.gov.au/dataset/vehicle-registrations,https://caraway.au/resources/queensland-vehicle-data#brisbane-suburb-snapshot,https://creativecommons.org/licenses/by/4.0/,© The State of Queensland (Department of Transport and Main Roads),Matched and filtered by Caraway
Karana Downs,4306,4438,bcc_property_postcode,2022-10-10,9c479cfb-8c19-4759-ad34-bc3123079b94,https://www.data.qld.gov.au/dataset/vehicle-registrations,https://caraway.au/resources/queensland-vehicle-data#brisbane-suburb-snapshot,https://creativecommons.org/licenses/by/4.0/,© The State of Queensland (Department of Transport and Main Roads),Matched and filtered by Caraway
Karawatha,4117,2791,bcc_property_postcode,2022-10-10,9c479cfb-8c19-4759-ad34-bc3123079b94,https://www.data.qld.gov.au/dataset/vehicle-registrations,https://caraway.au/resources/queensland-vehicle-data#brisbane-suburb-snapshot,https://creativecommons.org/licenses/by/4.0/,© The State of Queensland (Department of Transport and Main Roads),Matched and filtered by Caraway
Kedron,4031,11680,bcc_property_postcode,2022-10-10,9c479cfb-8c19-4759-ad34-bc3123079b94,https://www.data.qld.gov.au/dataset/vehicle-registrations,https://caraway.au/resources/queensland-vehicle-data#brisbane-suburb-snapshot,https://creativecommons.org/licenses/by/4.0/,© The State of Queensland (Department of Transport and Main Roads),Matched and filtered by Caraway
Kelvin Grove,4059,5426,bcc_property_postcode,2022-10-10,9c479cfb-8c19-4759-ad34-bc3123079b94,https://www.data.qld.gov.au/dataset/vehicle-registrations,https://caraway.au/resources/queensland-vehicle-data#brisbane-suburb-snapshot,https://creativecommons.org/licenses/by/4.0/,© The State of Queensland (Department of Transport and Main Roads),Matched and filtered by Caraway
Kenmore,4069,8377,bcc_property_postcode,2022-10-10,9c479cfb-8c19-4759-ad34-bc3123079b94,https://www.data.qld.gov.au/dataset/vehicle-registrations,https://caraway.au/resources/queensland-vehicle-data#brisbane-suburb-snapshot,https://creativecommons.org/licenses/by/4.0/,© The State of Queensland (Department of Transport and Main Roads),Matched and filtered by Caraway
Kenmore Hills,4069,2426,bcc_property_postcode,2022-10-10,9c479cfb-8c19-4759-ad34-bc3123079b94,https://www.data.qld.gov.au/dataset/vehicle-registrations,https://caraway.au/resources/queensland-vehicle-data#brisbane-suburb-snapshot,https://creativecommons.org/licenses/by/4.0/,© The State of Queensland (Department of Transport and Main Roads),Matched and filtered by Caraway
Keperra,4054,5758,bcc_property_postcode,2022-10-10,9c479cfb-8c19-4759-ad34-bc3123079b94,https://www.data.qld.gov.au/dataset/vehicle-registrations,https://caraway.au/resources/queensland-vehicle-data#brisbane-suburb-snapshot,https://creativecommons.org/licenses/by/4.0/,© The State of Queensland (Department of Transport and Main Roads),Matched and filtered by Caraway
Kholo,4306,552,bcc_property_postcode,2022-10-10,9c479cfb-8c19-4759-ad34-bc3123079b94,https://www.data.qld.gov.au/dataset/vehicle-registrations,https://caraway.au/resources/queensland-vehicle-data#brisbane-suburb-snapshot,https://creativecommons.org/licenses/by/4.0/,© The State of Queensland (Department of Transport and Main Roads),Matched and filtered by Caraway
Kuraby,4112,6585,bcc_property_postcode,2022-10-10,9c479cfb-8c19-4759-ad34-bc3123079b94,https://www.data.qld.gov.au/dataset/vehicle-registrations,https://caraway.au/resources/queensland-vehicle-data#brisbane-suburb-snapshot,https://creativecommons.org/licenses/by/4.0/,© The State of Queensland (Department of Transport and Main Roads),Matched and filtered by Caraway
Larapinta,4110,1900,bcc_property_postcode,2022-10-10,9c479cfb-8c19-4759-ad34-bc3123079b94,https://www.data.qld.gov.au/dataset/vehicle-registrations,https://caraway.au/resources/queensland-vehicle-data#brisbane-suburb-snapshot,https://creativecommons.org/licenses/by/4.0/,© The State of Queensland (Department of Transport and Main Roads),Matched and filtered by Caraway
Lota,4179,3194,bcc_property_postcode,2022-10-10,9c479cfb-8c19-4759-ad34-bc3123079b94,https://www.data.qld.gov.au/dataset/vehicle-registrations,https://caraway.au/resources/queensland-vehicle-data#brisbane-suburb-snapshot,https://creativecommons.org/licenses/by/4.0/,© The State of Queensland (Department of Transport and Main Roads),Matched and filtered by Caraway
Lutwyche,4030,3373,bcc_property_postcode,2022-10-10,9c479cfb-8c19-4759-ad34-bc3123079b94,https://www.data.qld.gov.au/dataset/vehicle-registrations,https://caraway.au/resources/queensland-vehicle-data#brisbane-suburb-snapshot,https://creativecommons.org/licenses/by/4.0/,© The State of Queensland (Department of Transport and Main Roads),Matched and filtered by Caraway
Lytton,4178,1638,bcc_property_postcode,2022-10-10,9c479cfb-8c19-4759-ad34-bc3123079b94,https://www.data.qld.gov.au/dataset/vehicle-registrations,https://caraway.au/resources/queensland-vehicle-data#brisbane-suburb-snapshot,https://creativecommons.org/licenses/by/4.0/,© The State of Queensland (Department of Transport and Main Roads),Matched and filtered by Caraway
Macgregor,4109,4798,bcc_property_postcode,2022-10-10,9c479cfb-8c19-4759-ad34-bc3123079b94,https://www.data.qld.gov.au/dataset/vehicle-registrations,https://caraway.au/resources/queensland-vehicle-data#brisbane-suburb-snapshot,https://creativecommons.org/licenses/by/4.0/,© The State of Queensland (Department of Transport and Main Roads),Matched and filtered by Caraway
Mackenzie,4156,1952,bcc_property_postcode,2022-10-10,9c479cfb-8c19-4759-ad34-bc3123079b94,https://www.data.qld.gov.au/dataset/vehicle-registrations,https://caraway.au/resources/queensland-vehicle-data#brisbane-suburb-snapshot,https://creativecommons.org/licenses/by/4.0/,© The State of Queensland (Department of Transport and Main Roads),Matched and filtered by Caraway
Manly,4179,4598,bcc_property_postcode,2022-10-10,9c479cfb-8c19-4759-ad34-bc3123079b94,https://www.data.qld.gov.au/dataset/vehicle-registrations,https://caraway.au/resources/queensland-vehicle-data#brisbane-suburb-snapshot,https://creativecommons.org/licenses/by/4.0/,© The State of Queensland (Department of Transport and Main Roads),Matched and filtered by Caraway
Manly West,4179,11445,bcc_property_postcode,2022-10-10,9c479cfb-8c19-4759-ad34-bc3123079b94,https://www.data.qld.gov.au/dataset/vehicle-registrations,https://caraway.au/resources/queensland-vehicle-data#brisbane-suburb-snapshot,https://creativecommons.org/licenses/by/4.0/,© The State of Queensland (Department of Transport and Main Roads),Matched and filtered by Caraway
Mansfield,4122,8403,bcc_property_postcode,2022-10-10,9c479cfb-8c19-4759-ad34-bc3123079b94,https://www.data.qld.gov.au/dataset/vehicle-registrations,https://caraway.au/resources/queensland-vehicle-data#brisbane-suburb-snapshot,https://creativecommons.org/licenses/by/4.0/,© The State of Queensland (Department of Transport and Main Roads),Matched and filtered by Caraway
McDowall,4053,6635,bcc_property_postcode,2022-10-10,9c479cfb-8c19-4759-ad34-bc3123079b94,https://www.data.qld.gov.au/dataset/vehicle-registrations,https://caraway.au/resources/queensland-vehicle-data#brisbane-suburb-snapshot,https://creativecommons.org/licenses/by/4.0/,© The State of Queensland (Department of Transport and Main Roads),Matched and filtered by Caraway
Middle Park,4074,3176,bcc_property_postcode,2022-10-10,9c479cfb-8c19-4759-ad34-bc3123079b94,https://www.data.qld.gov.au/dataset/vehicle-registrations,https://caraway.au/resources/queensland-vehicle-data#brisbane-suburb-snapshot,https://creativecommons.org/licenses/by/4.0/,© The State of Queensland (Department of Transport and Main Roads),Matched and filtered by Caraway
Milton,4064,7093,bcc_property_postcode,2022-10-10,9c479cfb-8c19-4759-ad34-bc3123079b94,https://www.data.qld.gov.au/dataset/vehicle-registrations,https://caraway.au/resources/queensland-vehicle-data#brisbane-suburb-snapshot,https://creativecommons.org/licenses/by/4.0/,© The State of Queensland (Department of Transport and Main Roads),Matched and filtered by Caraway
Mitchelton,4053,6813,bcc_property_postcode,2022-10-10,9c479cfb-8c19-4759-ad34-bc3123079b94,https://www.data.qld.gov.au/dataset/vehicle-registrations,https://caraway.au/resources/queensland-vehicle-data#brisbane-suburb-snapshot,https://creativecommons.org/licenses/by/4.0/,© The State of Queensland (Department of Transport and Main Roads),Matched and filtered by Caraway
Moggill,4070,4409,bcc_property_postcode,2022-10-10,9c479cfb-8c19-4759-ad34-bc3123079b94,https://www.data.qld.gov.au/dataset/vehicle-registrations,https://caraway.au/resources/queensland-vehicle-data#brisbane-suburb-snapshot,https://creativecommons.org/licenses/by/4.0/,© The State of Queensland (Department of Transport and Main Roads),Matched and filtered by Caraway
Moorooka,4105,11286,bcc_property_postcode,2022-10-10,9c479cfb-8c19-4759-ad34-bc3123079b94,https://www.data.qld.gov.au/dataset/vehicle-registrations,https://caraway.au/resources/queensland-vehicle-data#brisbane-suburb-snapshot,https://creativecommons.org/licenses/by/4.0/,© The State of Queensland (Department of Transport and Main Roads),Matched and filtered by Caraway
Morningside,4170,10756,bcc_property_postcode,2022-10-10,9c479cfb-8c19-4759-ad34-bc3123079b94,https://www.data.qld.gov.au/dataset/vehicle-registrations,https://caraway.au/resources/queensland-vehicle-data#brisbane-suburb-snapshot,https://creativecommons.org/licenses/by/4.0/,© The State of Queensland (Department of Transport and Main Roads),Matched and filtered by Caraway
Mount Coot-tha,4066,60,bcc_property_postcode,2022-10-10,9c479cfb-8c19-4759-ad34-bc3123079b94,https://www.data.qld.gov.au/dataset/vehicle-registrations,https://caraway.au/resources/queensland-vehicle-data#brisbane-suburb-snapshot,https://creativecommons.org/licenses/by/4.0/,© The State of Queensland (Department of Transport and Main Roads),Matched and filtered by Caraway
Mount Crosby,4306,2323,bcc_property_postcode,2022-10-10,9c479cfb-8c19-4759-ad34-bc3123079b94,https://www.data.qld.gov.au/dataset/vehicle-registrations,https://caraway.au/resources/queensland-vehicle-data#brisbane-suburb-snapshot,https://creativecommons.org/licenses/by/4.0/,© The State of Queensland (Department of Transport and Main Roads),Matched and filtered by Caraway
Mount Gravatt,4122,3417,bcc_property_postcode,2022-10-10,9c479cfb-8c19-4759-ad34-bc3123079b94,https://www.data.qld.gov.au/dataset/vehicle-registrations,https://caraway.au/resources/queensland-vehicle-data#brisbane-suburb-snapshot,https://creativecommons.org/licenses/by/4.0/,© The State of Queensland (Department of Transport and Main Roads),Matched and filtered by Caraway
Mount Gravatt East,4122,9346,bcc_property_postcode,2022-10-10,9c479cfb-8c19-4759-ad34-bc3123079b94,https://www.data.qld.gov.au/dataset/vehicle-registrations,https://caraway.au/resources/queensland-vehicle-data#brisbane-suburb-snapshot,https://creativecommons.org/licenses/by/4.0/,© The State of Queensland (Department of Transport and Main Roads),Matched and filtered by Caraway
Mount Ommaney,4074,2094,bcc_property_postcode,2022-10-10,9c479cfb-8c19-4759-ad34-bc3123079b94,https://www.data.qld.gov.au/dataset/vehicle-registrations,https://caraway.au/resources/queensland-vehicle-data#brisbane-suburb-snapshot,https://creativecommons.org/licenses/by/4.0/,© The State of Queensland (Department of Transport and Main Roads),Matched and filtered by Caraway
Murarrie,4172,9140,bcc_property_postcode,2022-10-10,9c479cfb-8c19-4759-ad34-bc3123079b94,https://www.data.qld.gov.au/dataset/vehicle-registrations,https://caraway.au/resources/queensland-vehicle-data#brisbane-suburb-snapshot,https://creativecommons.org/licenses/by/4.0/,© The State of Queensland (Department of Transport and Main Roads),Matched and filtered by Caraway
Nathan,4111,992,bcc_property_postcode,2022-10-10,9c479cfb-8c19-4759-ad34-bc3123079b94,https://www.data.qld.gov.au/dataset/vehicle-registrations,https://caraway.au/resources/queensland-vehicle-data#brisbane-suburb-snapshot,https://creativecommons.org/licenses/by/4.0/,© The State of Queensland (Department of Transport and Main Roads),Matched and filtered by Caraway
New Farm,4005,8459,bcc_property_postcode,2022-10-10,9c479cfb-8c19-4759-ad34-bc3123079b94,https://www.data.qld.gov.au/dataset/vehicle-registrations,https://caraway.au/resources/queensland-vehicle-data#brisbane-suburb-snapshot,https://creativecommons.org/licenses/by/4.0/,© The State of Queensland (Department of Transport and Main Roads),Matched and filtered by Caraway
Newmarket,4051,3850,bcc_property_postcode,2022-10-10,9c479cfb-8c19-4759-ad34-bc3123079b94,https://www.data.qld.gov.au/dataset/vehicle-registrations,https://caraway.au/resources/queensland-vehicle-data#brisbane-suburb-snapshot,https://creativecommons.org/licenses/by/4.0/,© The State of Queensland (Department of Transport and Main Roads),Matched and filtered by Caraway
Newstead,4006,9431,bcc_property_postcode,2022-10-10,9c479cfb-8c19-4759-ad34-bc3123079b94,https://www.data.qld.gov.au/dataset/vehicle-registrations,https://caraway.au/resources/queensland-vehicle-data#brisbane-suburb-snapshot,https://creativecommons.org/licenses/by/4.0/,© The State of Queensland (Department of Transport and Main Roads),Matched and filtered by Caraway
Norman Park,4170,5507,bcc_property_postcode,2022-10-10,9c479cfb-8c19-4759-ad34-bc3123079b94,https://www.data.qld.gov.au/dataset/vehicle-registrations,https://caraway.au/resources/queensland-vehicle-data#brisbane-suburb-snapshot,https://creativecommons.org/licenses/by/4.0/,© The State of Queensland (Department of Transport and Main Roads),Matched and filtered by Caraway
Northgate,4013,6700,bcc_property_postcode,2022-10-10,9c479cfb-8c19-4759-ad34-bc3123079b94,https://www.data.qld.gov.au/dataset/vehicle-registrations,https://caraway.au/resources/queensland-vehicle-data#brisbane-suburb-snapshot,https://creativecommons.org/licenses/by/4.0/,© The State of Queensland (Department of Transport and Main Roads),Matched and filtered by Caraway
Nudgee,4014,3950,bcc_property_postcode,2022-10-10,9c479cfb-8c19-4759-ad34-bc3123079b94,https://www.data.qld.gov.au/dataset/vehicle-registrations,https://caraway.au/resources/queensland-vehicle-data#brisbane-suburb-snapshot,https://creativecommons.org/licenses/by/4.0/,© The State of Queensland (Department of Transport and Main Roads),Matched and filtered by Caraway
Nudgee Beach,4014,455,bcc_property_postcode,2022-10-10,9c479cfb-8c19-4759-ad34-bc3123079b94,https://www.data.qld.gov.au/dataset/vehicle-registrations,https://caraway.au/resources/queensland-vehicle-data#brisbane-suburb-snapshot,https://creativecommons.org/licenses/by/4.0/,© The State of Queensland (Department of Transport and Main Roads),Matched and filtered by Caraway
Nundah,4012,10216,bcc_property_postcode,2022-10-10,9c479cfb-8c19-4759-ad34-bc3123079b94,https://www.data.qld.gov.au/dataset/vehicle-registrations,https://caraway.au/resources/queensland-vehicle-data#brisbane-suburb-snapshot,https://creativecommons.org/licenses/by/4.0/,© The State of Queensland (Department of Transport and Main Roads),Matched and filtered by Caraway
Oxley,4075,8020,bcc_property_postcode,2022-10-10,9c479cfb-8c19-4759-ad34-bc3123079b94,https://www.data.qld.gov.au/dataset/vehicle-registrations,https://caraway.au/resources/queensland-vehicle-data#brisbane-suburb-snapshot,https://creativecommons.org/licenses/by/4.0/,© The State of Queensland (Department of Transport and Main Roads),Matched and filtered by Caraway
Paddington,4064,7142,bcc_property_postcode,2022-10-10,9c479cfb-8c19-4759-ad34-bc3123079b94,https://www.data.qld.gov.au/dataset/vehicle-registrations,https://caraway.au/resources/queensland-vehicle-data#brisbane-suburb-snapshot,https://creativecommons.org/licenses/by/4.0/,© The State of Queensland (Department of Transport and Main Roads),Matched and filtered by Caraway
Pallara,4110,3945,bcc_property_postcode,2022-10-10,9c479cfb-8c19-4759-ad34-bc3123079b94,https://www.data.qld.gov.au/dataset/vehicle-registrations,https://caraway.au/resources/queensland-vehicle-data#brisbane-suburb-snapshot,https://creativecommons.org/licenses/by/4.0/,© The State of Queensland (Department of Transport and Main Roads),Matched and filtered by Caraway
Parkinson,4115,9920,bcc_property_postcode,2022-10-10,9c479cfb-8c19-4759-ad34-bc3123079b94,https://www.data.qld.gov.au/dataset/vehicle-registrations,https://caraway.au/resources/queensland-vehicle-data#brisbane-suburb-snapshot,https://creativecommons.org/licenses/by/4.0/,© The State of Queensland (Department of Transport and Main Roads),Matched and filtered by Caraway
Petrie Terrace,4000,919,bcc_property_postcode,2022-10-10,9c479cfb-8c19-4759-ad34-bc3123079b94,https://www.data.qld.gov.au/dataset/vehicle-registrations,https://caraway.au/resources/queensland-vehicle-data#brisbane-suburb-snapshot,https://creativecommons.org/licenses/by/4.0/,© The State of Queensland (Department of Transport and Main Roads),Matched and filtered by Caraway
Pinjarra Hills,4069,638,bcc_property_postcode,2022-10-10,9c479cfb-8c19-4759-ad34-bc3123079b94,https://www.data.qld.gov.au/dataset/vehicle-registrations,https://caraway.au/resources/queensland-vehicle-data#brisbane-suburb-snapshot,https://creativecommons.org/licenses/by/4.0/,© The State of Queensland (Department of Transport and Main Roads),Matched and filtered by Caraway
Pinkenba,4008,4839,bcc_property_postcode,2022-10-10,9c479cfb-8c19-4759-ad34-bc3123079b94,https://www.data.qld.gov.au/dataset/vehicle-registrations,https://caraway.au/resources/queensland-vehicle-data#brisbane-suburb-snapshot,https://creativecommons.org/licenses/by/4.0/,© The State of Queensland (Department of Transport and Main Roads),Matched and filtered by Caraway
Port of Brisbane,4178,2165,bcc_property_postcode,2022-10-10,9c479cfb-8c19-4759-ad34-bc3123079b94,https://www.data.qld.gov.au/dataset/vehicle-registrations,https://caraway.au/resources/queensland-vehicle-data#brisbane-suburb-snapshot,https://creativecommons.org/licenses/by/4.0/,© The State of Queensland (Department of Transport and Main Roads),Matched and filtered by Caraway
Pullenvale,4069,3708,bcc_property_postcode,2022-10-10,9c479cfb-8c19-4759-ad34-bc3123079b94,https://www.data.qld.gov.au/dataset/vehicle-registrations,https://caraway.au/resources/queensland-vehicle-data#brisbane-suburb-snapshot,https://creativecommons.org/licenses/by/4.0/,© The State of Queensland (Department of Transport and Main Roads),Matched and filtered by Caraway
Ransome,4154,803,bcc_property_postcode,2022-10-10,9c479cfb-8c19-4759-ad34-bc3123079b94,https://www.data.qld.gov.au/dataset/vehicle-registrations,https://caraway.au/resources/queensland-vehicle-data#brisbane-suburb-snapshot,https://creativecommons.org/licenses/by/4.0/,© The State of Queensland (Department of Transport and Main Roads),Matched and filtered by Caraway
Red Hill,4059,4041,bcc_property_postcode,2022-10-10,9c479cfb-8c19-4759-ad34-bc3123079b94,https://www.data.qld.gov.au/dataset/vehicle-registrations,https://caraway.au/resources/queensland-vehicle-data#brisbane-suburb-snapshot,https://creativecommons.org/licenses/by/4.0/,© The State of Queensland (Department of Transport and Main Roads),Matched and filtered by Caraway
Richlands,4077,5396,bcc_property_postcode,2022-10-10,9c479cfb-8c19-4759-ad34-bc3123079b94,https://www.data.qld.gov.au/dataset/vehicle-registrations,https://caraway.au/resources/queensland-vehicle-data#brisbane-suburb-snapshot,https://creativecommons.org/licenses/by/4.0/,© The State of Queensland (Department of Transport and Main Roads),Matched and filtered by Caraway
Riverhills,4074,3469,bcc_property_postcode,2022-10-10,9c479cfb-8c19-4759-ad34-bc3123079b94,https://www.data.qld.gov.au/dataset/vehicle-registrations,https://caraway.au/resources/queensland-vehicle-data#brisbane-suburb-snapshot,https://creativecommons.org/licenses/by/4.0/,© The State of Queensland (Department of Transport and Main Roads),Matched and filtered by Caraway
Robertson,4109,3523,bcc_property_postcode,2022-10-10,9c479cfb-8c19-4759-ad34-bc3123079b94,https://www.data.qld.gov.au/dataset/vehicle-registrations,https://caraway.au/resources/queensland-vehicle-data#brisbane-suburb-snapshot,https://creativecommons.org/licenses/by/4.0/,© The State of Queensland (Department of Transport and Main Roads),Matched and filtered by Caraway
Rochedale,4123,6119,bcc_property_postcode,2022-10-10,9c479cfb-8c19-4759-ad34-bc3123079b94,https://www.data.qld.gov.au/dataset/vehicle-registrations,https://caraway.au/resources/queensland-vehicle-data#brisbane-suburb-snapshot,https://creativecommons.org/licenses/by/4.0/,© The State of Queensland (Department of Transport and Main Roads),Matched and filtered by Caraway
Rocklea,4106,9028,bcc_property_postcode,2022-10-10,9c479cfb-8c19-4759-ad34-bc3123079b94,https://www.data.qld.gov.au/dataset/vehicle-registrations,https://caraway.au/resources/queensland-vehicle-data#brisbane-suburb-snapshot,https://creativecommons.org/licenses/by/4.0/,© The State of Queensland (Department of Transport and Main Roads),Matched and filtered by Caraway
Runcorn,4113,10637,bcc_property_postcode,2022-10-10,9c479cfb-8c19-4759-ad34-bc3123079b94,https://www.data.qld.gov.au/dataset/vehicle-registrations,https://caraway.au/resources/queensland-vehicle-data#brisbane-suburb-snapshot,https://creativecommons.org/licenses/by/4.0/,© The State of Queensland (Department of Transport and Main Roads),Matched and filtered by Caraway
Salisbury,4107,9166,bcc_property_postcode,2022-10-10,9c479cfb-8c19-4759-ad34-bc3123079b94,https://www.data.qld.gov.au/dataset/vehicle-registrations,https://caraway.au/resources/queensland-vehicle-data#brisbane-suburb-snapshot,https://creativecommons.org/licenses/by/4.0/,© The State of Queensland (Department of Transport and Main Roads),Matched and filtered by Caraway
Sandgate,4017,4582,bcc_property_postcode,2022-10-10,9c479cfb-8c19-4759-ad34-bc3123079b94,https://www.data.qld.gov.au/dataset/vehicle-registrations,https://caraway.au/resources/queensland-vehicle-data#brisbane-suburb-snapshot,https://creativecommons.org/licenses/by/4.0/,© The State of Queensland (Department of Transport and Main Roads),Matched and filtered by Caraway
Seven Hills,4170,2029,bcc_property_postcode,2022-10-10,9c479cfb-8c19-4759-ad34-bc3123079b94,https://www.data.qld.gov.au/dataset/vehicle-registrations,https://caraway.au/resources/queensland-vehicle-data#brisbane-suburb-snapshot,https://creativecommons.org/licenses/by/4.0/,© The State of Queensland (Department of Transport and Main Roads),Matched and filtered by Caraway
Seventeen Mile Rocks,4073,3348,bcc_property_postcode,2022-10-10,9c479cfb-8c19-4759-ad34-bc3123079b94,https://www.data.qld.gov.au/dataset/vehicle-registrations,https://caraway.au/resources/queensland-vehicle-data#brisbane-suburb-snapshot,https://creativecommons.org/licenses/by/4.0/,© The State of Queensland (Department of Transport and Main Roads),Matched and filtered by Caraway
Sherwood,4075,4637,bcc_property_postcode,2022-10-10,9c479cfb-8c19-4759-ad34-bc3123079b94,https://www.data.qld.gov.au/dataset/vehicle-registrations,https://caraway.au/resources/queensland-vehicle-data#brisbane-suburb-snapshot,https://creativecommons.org/licenses/by/4.0/,© The State of Queensland (Department of Transport and Main Roads),Matched and filtered by Caraway
Shorncliffe,4017,2034,bcc_property_postcode,2022-10-10,9c479cfb-8c19-4759-ad34-bc3123079b94,https://www.data.qld.gov.au/dataset/vehicle-registrations,https://caraway.au/resources/queensland-vehicle-data#brisbane-suburb-snapshot,https://creativecommons.org/licenses/by/4.0/,© The State of Queensland (Department of Transport and Main Roads),Matched and filtered by Caraway
Sinnamon Park,4073,5298,bcc_property_postcode,2022-10-10,9c479cfb-8c19-4759-ad34-bc3123079b94,https://www.data.qld.gov.au/dataset/vehicle-registrations,https://caraway.au/resources/queensland-vehicle-data#brisbane-suburb-snapshot,https://creativecommons.org/licenses/by/4.0/,© The State of Queensland (Department of Transport and Main Roads),Matched and filtered by Caraway
South Brisbane,4101,9160,bcc_property_postcode,2022-10-10,9c479cfb-8c19-4759-ad34-bc3123079b94,https://www.data.qld.gov.au/dataset/vehicle-registrations,https://caraway.au/resources/queensland-vehicle-data#brisbane-suburb-snapshot,https://creativecommons.org/licenses/by/4.0/,© The State of Queensland (Department of Transport and Main Roads),Matched and filtered by Caraway
Spring Hill,4000,4974,bcc_property_postcode,2022-10-10,9c479cfb-8c19-4759-ad34-bc3123079b94,https://www.data.qld.gov.au/dataset/vehicle-registrations,https://caraway.au/resources/queensland-vehicle-data#brisbane-suburb-snapshot,https://creativecommons.org/licenses/by/4.0/,© The State of Queensland (Department of Transport and Main Roads),Matched and filtered by Caraway
St Lucia,4067,6075,bcc_property_postcode,2022-10-10,9c479cfb-8c19-4759-ad34-bc3123079b94,https://www.data.qld.gov.au/dataset/vehicle-registrations,https://caraway.au/resources/queensland-vehicle-data#brisbane-suburb-snapshot,https://creativecommons.org/licenses/by/4.0/,© The State of Queensland (Department of Transport and Main Roads),Matched and filtered by Caraway
Stafford,4053,6074,bcc_property_postcode,2022-10-10,9c479cfb-8c19-4759-ad34-bc3123079b94,https://www.data.qld.gov.au/dataset/vehicle-registrations,https://caraway.au/resources/queensland-vehicle-data#brisbane-suburb-snapshot,https://creativecommons.org/licenses/by/4.0/,© The State of Queensland (Department of Transport and Main Roads),Matched and filtered by Caraway
Stafford Heights,4053,5879,bcc_property_postcode,2022-10-10,9c479cfb-8c19-4759-ad34-bc3123079b94,https://www.data.qld.gov.au/dataset/vehicle-registrations,https://caraway.au/resources/queensland-vehicle-data#brisbane-suburb-snapshot,https://creativecommons.org/licenses/by/4.0/,© The State of Queensland (Department of Transport and Main Roads),Matched and filtered by Caraway
Stones Corner,4120,1639,bcc_property_postcode,2022-10-10,9c479cfb-8c19-4759-ad34-bc3123079b94,https://www.data.qld.gov.au/dataset/vehicle-registrations,https://caraway.au/resources/queensland-vehicle-data#brisbane-suburb-snapshot,https://creativecommons.org/licenses/by/4.0/,© The State of Queensland (Department of Transport and Main Roads),Matched and filtered by Caraway
Stretton,4116,3846,bcc_property_postcode,2022-10-10,9c479cfb-8c19-4759-ad34-bc3123079b94,https://www.data.qld.gov.au/dataset/vehicle-registrations,https://caraway.au/resources/queensland-vehicle-data#brisbane-suburb-snapshot,https://creativecommons.org/licenses/by/4.0/,© The State of Queensland (Department of Transport and Main Roads),Matched and filtered by Caraway
Sumner,4074,2426,bcc_property_postcode,2022-10-10,9c479cfb-8c19-4759-ad34-bc3123079b94,https://www.data.qld.gov.au/dataset/vehicle-registrations,https://caraway.au/resources/queensland-vehicle-data#brisbane-suburb-snapshot,https://creativecommons.org/licenses/by/4.0/,© The State of Queensland (Department of Transport and Main Roads),Matched and filtered by Caraway
Sunnybank,4109,7392,bcc_property_postcode,2022-10-10,9c479cfb-8c19-4759-ad34-bc3123079b94,https://www.data.qld.gov.au/dataset/vehicle-registrations,https://caraway.au/resources/queensland-vehicle-data#brisbane-suburb-snapshot,https://creativecommons.org/licenses/by/4.0/,© The State of Queensland (Department of Transport and Main Roads),Matched and filtered by Caraway
Sunnybank Hills,4109,13961,bcc_property_postcode,2022-10-10,9c479cfb-8c19-4759-ad34-bc3123079b94,https://www.data.qld.gov.au/dataset/vehicle-registrations,https://caraway.au/resources/queensland-vehicle-data#brisbane-suburb-snapshot,https://creativecommons.org/licenses/by/4.0/,© The State of Queensland (Department of Transport and Main Roads),Matched and filtered by Caraway
Taigum,4018,5540,bcc_property_postcode,2022-10-10,9c479cfb-8c19-4759-ad34-bc3123079b94,https://www.data.qld.gov.au/dataset/vehicle-registrations,https://caraway.au/resources/queensland-vehicle-data#brisbane-suburb-snapshot,https://creativecommons.org/licenses/by/4.0/,© The State of Queensland (Department of Transport and Main Roads),Matched and filtered by Caraway
Taringa,4068,6208,bcc_property_postcode,2022-10-10,9c479cfb-8c19-4759-ad34-bc3123079b94,https://www.data.qld.gov.au/dataset/vehicle-registrations,https://caraway.au/resources/queensland-vehicle-data#brisbane-suburb-snapshot,https://creativecommons.org/licenses/by/4.0/,© The State of Queensland (Department of Transport and Main Roads),Matched and filtered by Caraway
Tarragindi,4121,8946,bcc_property_postcode,2022-10-10,9c479cfb-8c19-4759-ad34-bc3123079b94,https://www.data.qld.gov.au/dataset/vehicle-registrations,https://caraway.au/resources/queensland-vehicle-data#brisbane-suburb-snapshot,https://creativecommons.org/licenses/by/4.0/,© The State of Queensland (Department of Transport and Main Roads),Matched and filtered by Caraway
Teneriffe,4005,4028,bcc_property_postcode,2022-10-10,9c479cfb-8c19-4759-ad34-bc3123079b94,https://www.data.qld.gov.au/dataset/vehicle-registrations,https://caraway.au/resources/queensland-vehicle-data#brisbane-suburb-snapshot,https://creativecommons.org/licenses/by/4.0/,© The State of Queensland (Department of Transport and Main Roads),Matched and filtered by Caraway
Tennyson,4105,1261,bcc_property_postcode,2022-10-10,9c479cfb-8c19-4759-ad34-bc3123079b94,https://www.data.qld.gov.au/dataset/vehicle-registrations,https://caraway.au/resources/queensland-vehicle-data#brisbane-suburb-snapshot,https://creativecommons.org/licenses/by/4.0/,© The State of Queensland (Department of Transport and Main Roads),Matched and filtered by Caraway
The Gap,4061,14660,bcc_property_postcode,2022-10-10,9c479cfb-8c19-4759-ad34-bc3123079b94,https://www.data.qld.gov.au/dataset/vehicle-registrations,https://caraway.au/resources/queensland-vehicle-data#brisbane-suburb-snapshot,https://creativecommons.org/licenses/by/4.0/,© The State of Queensland (Department of Transport and Main Roads),Matched and filtered by Caraway
Tingalpa,4173,9733,bcc_property_postcode,2022-10-10,9c479cfb-8c19-4759-ad34-bc3123079b94,https://www.data.qld.gov.au/dataset/vehicle-registrations,https://caraway.au/resources/queensland-vehicle-data#brisbane-suburb-snapshot,https://creativecommons.org/licenses/by/4.0/,© The State of Queensland (Department of Transport and Main Roads),Matched and filtered by Caraway
Toowong,4066,9176,bcc_property_postcode,2022-10-10,9c479cfb-8c19-4759-ad34-bc3123079b94,https://www.data.qld.gov.au/dataset/vehicle-registrations,https://caraway.au/resources/queensland-vehicle-data#brisbane-suburb-snapshot,https://creativecommons.org/licenses/by/4.0/,© The State of Queensland (Department of Transport and Main Roads),Matched and filtered by Caraway
Upper Brookfield,4069,1157,bcc_property_postcode,2022-10-10,9c479cfb-8c19-4759-ad34-bc3123079b94,https://www.data.qld.gov.au/dataset/vehicle-registrations,https://caraway.au/resources/queensland-vehicle-data#brisbane-suburb-snapshot,https://creativecommons.org/licenses/by/4.0/,© The State of Queensland (Department of Transport and Main Roads),Matched and filtered by Caraway
Upper Kedron,4055,4779,bcc_property_postcode,2022-10-10,9c479cfb-8c19-4759-ad34-bc3123079b94,https://www.data.qld.gov.au/dataset/vehicle-registrations,https://caraway.au/resources/queensland-vehicle-data#brisbane-suburb-snapshot,https://creativecommons.org/licenses/by/4.0/,© The State of Queensland (Department of Transport and Main Roads),Matched and filtered by Caraway
Upper Mount Gravatt,4122,8733,bcc_property_postcode,2022-10-10,9c479cfb-8c19-4759-ad34-bc3123079b94,https://www.data.qld.gov.au/dataset/vehicle-registrations,https://caraway.au/resources/queensland-vehicle-data#brisbane-suburb-snapshot,https://creativecommons.org/licenses/by/4.0/,© The State of Queensland (Department of Transport and Main Roads),Matched and filtered by Caraway
Virginia,4014,4480,bcc_property_postcode,2022-10-10,9c479cfb-8c19-4759-ad34-bc3123079b94,https://www.data.qld.gov.au/dataset/vehicle-registrations,https://caraway.au/resources/queensland-vehicle-data#brisbane-suburb-snapshot,https://creativecommons.org/licenses/by/4.0/,© The State of Queensland (Department of Transport and Main Roads),Matched and filtered by Caraway
Wacol,4076,7775,bcc_property_postcode,2022-10-10,9c479cfb-8c19-4759-ad34-bc3123079b94,https://www.data.qld.gov.au/dataset/vehicle-registrations,https://caraway.au/resources/queensland-vehicle-data#brisbane-suburb-snapshot,https://creativecommons.org/licenses/by/4.0/,© The State of Queensland (Department of Transport and Main Roads),Matched and filtered by Caraway
Wakerley,4154,7565,bcc_property_postcode,2022-10-10,9c479cfb-8c19-4759-ad34-bc3123079b94,https://www.data.qld.gov.au/dataset/vehicle-registrations,https://caraway.au/resources/queensland-vehicle-data#brisbane-suburb-snapshot,https://creativecommons.org/licenses/by/4.0/,© The State of Queensland (Department of Transport and Main Roads),Matched and filtered by Caraway
Wavell Heights,4012,8530,bcc_property_postcode,2022-10-10,9c479cfb-8c19-4759-ad34-bc3123079b94,https://www.data.qld.gov.au/dataset/vehicle-registrations,https://caraway.au/resources/queensland-vehicle-data#brisbane-suburb-snapshot,https://creativecommons.org/licenses/by/4.0/,© The State of Queensland (Department of Transport and Main Roads),Matched and filtered by Caraway
West End,4101,10302,bcc_property_postcode,2022-10-10,9c479cfb-8c19-4759-ad34-bc3123079b94,https://www.data.qld.gov.au/dataset/vehicle-registrations,https://caraway.au/resources/queensland-vehicle-data#brisbane-suburb-snapshot,https://creativecommons.org/licenses/by/4.0/,© The State of Queensland (Department of Transport and Main Roads),Matched and filtered by Caraway
Westlake,4074,4044,bcc_property_postcode,2022-10-10,9c479cfb-8c19-4759-ad34-bc3123079b94,https://www.data.qld.gov.au/dataset/vehicle-registrations,https://caraway.au/resources/queensland-vehicle-data#brisbane-suburb-snapshot,https://creativecommons.org/licenses/by/4.0/,© The State of Queensland (Department of Transport and Main Roads),Matched and filtered by Caraway
Willawong,4110,2199,bcc_property_postcode,2022-10-10,9c479cfb-8c19-4759-ad34-bc3123079b94,https://www.data.qld.gov.au/dataset/vehicle-registrations,https://caraway.au/resources/queensland-vehicle-data#brisbane-suburb-snapshot,https://creativecommons.org/licenses/by/4.0/,© The State of Queensland (Department of Transport and Main Roads),Matched and filtered by Caraway
Wilston,4051,3097,bcc_property_postcode,2022-10-10,9c479cfb-8c19-4759-ad34-bc3123079b94,https://www.data.qld.gov.au/dataset/vehicle-registrations,https://caraway.au/resources/queensland-vehicle-data#brisbane-suburb-snapshot,https://creativecommons.org/licenses/by/4.0/,© The State of Queensland (Department of Transport and Main Roads),Matched and filtered by Caraway
Windsor,4030,6517,bcc_property_postcode,2022-10-10,9c479cfb-8c19-4759-ad34-bc3123079b94,https://www.data.qld.gov.au/dataset/vehicle-registrations,https://caraway.au/resources/queensland-vehicle-data#brisbane-suburb-snapshot,https://creativecommons.org/licenses/by/4.0/,© The State of Queensland (Department of Transport and Main Roads),Matched and filtered by Caraway
Wishart,4122,8488,bcc_property_postcode,2022-10-10,9c479cfb-8c19-4759-ad34-bc3123079b94,https://www.data.qld.gov.au/dataset/vehicle-registrations,https://caraway.au/resources/queensland-vehicle-data#brisbane-suburb-snapshot,https://creativecommons.org/licenses/by/4.0/,© The State of Queensland (Department of Transport and Main Roads),Matched and filtered by Caraway
Woolloongabba,4102,7275,bcc_property_postcode,2022-10-10,9c479cfb-8c19-4759-ad34-bc3123079b94,https://www.data.qld.gov.au/dataset/vehicle-registrations,https://caraway.au/resources/queensland-vehicle-data#brisbane-suburb-snapshot,https://creativecommons.org/licenses/by/4.0/,© The State of Queensland (Department of Transport and Main Roads),Matched and filtered by Caraway
Wooloowin,4030,2897,bcc_property_postcode,2022-10-10,9c479cfb-8c19-4759-ad34-bc3123079b94,https://www.data.qld.gov.au/dataset/vehicle-registrations,https://caraway.au/resources/queensland-vehicle-data#brisbane-suburb-snapshot,https://creativecommons.org/licenses/by/4.0/,© The State of Queensland (Department of Transport and Main Roads),Matched and filtered by Caraway
Wynnum,4178,14013,bcc_property_postcode,2022-10-10,9c479cfb-8c19-4759-ad34-bc3123079b94,https://www.data.qld.gov.au/dataset/vehicle-registrations,https://caraway.au/resources/queensland-vehicle-data#brisbane-suburb-snapshot,https://creativecommons.org/licenses/by/4.0/,© The State of Queensland (Department of Transport and Main Roads),Matched and filtered by Caraway
Wynnum West,4178,11075,bcc_property_postcode,2022-10-10,9c479cfb-8c19-4759-ad34-bc3123079b94,https://www.data.qld.gov.au/dataset/vehicle-registrations,https://caraway.au/resources/queensland-vehicle-data#brisbane-suburb-snapshot,https://creativecommons.org/licenses/by/4.0/,© The State of Queensland (Department of Transport and Main Roads),Matched and filtered by Caraway
Yeerongpilly,4105,1721,bcc_property_postcode,2022-10-10,9c479cfb-8c19-4759-ad34-bc3123079b94,https://www.data.qld.gov.au/dataset/vehicle-registrations,https://caraway.au/resources/queensland-vehicle-data#brisbane-suburb-snapshot,https://creativecommons.org/licenses/by/4.0/,© The State of Queensland (Department of Transport and Main Roads),Matched and filtered by Caraway
Yeronga,4104,5756,bcc_property_postcode,2022-10-10,9c479cfb-8c19-4759-ad34-bc3123079b94,https://www.data.qld.gov.au/dataset/vehicle-registrations,https://caraway.au/resources/queensland-vehicle-data#brisbane-suburb-snapshot,https://creativecommons.org/licenses/by/4.0/,© The State of Queensland (Department of Transport and Main Roads),Matched and filtered by Caraway
Zillmere,4034,6911,bcc_property_postcode,2022-10-10,9c479cfb-8c19-4759-ad34-bc3123079b94,https://www.data.qld.gov.au/dataset/vehicle-registrations,https://caraway.au/resources/queensland-vehicle-data#brisbane-suburb-snapshot,https://creativecommons.org/licenses/by/4.0/,© The State of Queensland (Department of Transport and Main Roads),Matched and filtered by Caraway
