year,fuel_type,registered_cars,source_resource_id,source_url,methodology_url,license_url,attribution,changes
2006,Diesel,105742,20c5c7c4-1a76-44b8-b3cb-ea4a37e57d28,https://www.stateoftheenvironment.detsi.qld.gov.au/pollution/air-quality/number-of-registered-vehicles,https://caraway.au/resources/queensland-vehicle-data#queensland-fuel-trends,https://creativecommons.org/licenses/by/4.0/,© The State of Queensland (Department of Transport and Main Roads),Filtered and reshaped by Caraway
2006,Diesel/Electric,0,20c5c7c4-1a76-44b8-b3cb-ea4a37e57d28,https://www.stateoftheenvironment.detsi.qld.gov.au/pollution/air-quality/number-of-registered-vehicles,https://caraway.au/resources/queensland-vehicle-data#queensland-fuel-trends,https://creativecommons.org/licenses/by/4.0/,© The State of Queensland (Department of Transport and Main Roads),Filtered and reshaped by Caraway
2006,Diesel/Gas,18,20c5c7c4-1a76-44b8-b3cb-ea4a37e57d28,https://www.stateoftheenvironment.detsi.qld.gov.au/pollution/air-quality/number-of-registered-vehicles,https://caraway.au/resources/queensland-vehicle-data#queensland-fuel-trends,https://creativecommons.org/licenses/by/4.0/,© The State of Queensland (Department of Transport and Main Roads),Filtered and reshaped by Caraway
2006,Electric,1,20c5c7c4-1a76-44b8-b3cb-ea4a37e57d28,https://www.stateoftheenvironment.detsi.qld.gov.au/pollution/air-quality/number-of-registered-vehicles,https://caraway.au/resources/queensland-vehicle-data#queensland-fuel-trends,https://creativecommons.org/licenses/by/4.0/,© The State of Queensland (Department of Transport and Main Roads),Filtered and reshaped by Caraway
2006,Gas,2974,20c5c7c4-1a76-44b8-b3cb-ea4a37e57d28,https://www.stateoftheenvironment.detsi.qld.gov.au/pollution/air-quality/number-of-registered-vehicles,https://caraway.au/resources/queensland-vehicle-data#queensland-fuel-trends,https://creativecommons.org/licenses/by/4.0/,© The State of Queensland (Department of Transport and Main Roads),Filtered and reshaped by Caraway
2006,Kerosine,4,20c5c7c4-1a76-44b8-b3cb-ea4a37e57d28,https://www.stateoftheenvironment.detsi.qld.gov.au/pollution/air-quality/number-of-registered-vehicles,https://caraway.au/resources/queensland-vehicle-data#queensland-fuel-trends,https://creativecommons.org/licenses/by/4.0/,© The State of Queensland (Department of Transport and Main Roads),Filtered and reshaped by Caraway
2006,Hydrogen,0,20c5c7c4-1a76-44b8-b3cb-ea4a37e57d28,https://www.stateoftheenvironment.detsi.qld.gov.au/pollution/air-quality/number-of-registered-vehicles,https://caraway.au/resources/queensland-vehicle-data#queensland-fuel-trends,https://creativecommons.org/licenses/by/4.0/,© The State of Queensland (Department of Transport and Main Roads),Filtered and reshaped by Caraway
2006,Petrol,2034258,20c5c7c4-1a76-44b8-b3cb-ea4a37e57d28,https://www.stateoftheenvironment.detsi.qld.gov.au/pollution/air-quality/number-of-registered-vehicles,https://caraway.au/resources/queensland-vehicle-data#queensland-fuel-trends,https://creativecommons.org/licenses/by/4.0/,© The State of Queensland (Department of Transport and Main Roads),Filtered and reshaped by Caraway
2006,Petrol/Electric,102,20c5c7c4-1a76-44b8-b3cb-ea4a37e57d28,https://www.stateoftheenvironment.detsi.qld.gov.au/pollution/air-quality/number-of-registered-vehicles,https://caraway.au/resources/queensland-vehicle-data#queensland-fuel-trends,https://creativecommons.org/licenses/by/4.0/,© The State of Queensland (Department of Transport and Main Roads),Filtered and reshaped by Caraway
2006,Petrol/Gas,27223,20c5c7c4-1a76-44b8-b3cb-ea4a37e57d28,https://www.stateoftheenvironment.detsi.qld.gov.au/pollution/air-quality/number-of-registered-vehicles,https://caraway.au/resources/queensland-vehicle-data#queensland-fuel-trends,https://creativecommons.org/licenses/by/4.0/,© The State of Queensland (Department of Transport and Main Roads),Filtered and reshaped by Caraway
2006,Steam,1,20c5c7c4-1a76-44b8-b3cb-ea4a37e57d28,https://www.stateoftheenvironment.detsi.qld.gov.au/pollution/air-quality/number-of-registered-vehicles,https://caraway.au/resources/queensland-vehicle-data#queensland-fuel-trends,https://creativecommons.org/licenses/by/4.0/,© The State of Queensland (Department of Transport and Main Roads),Filtered and reshaped by Caraway
2007,Diesel,119607,20c5c7c4-1a76-44b8-b3cb-ea4a37e57d28,https://www.stateoftheenvironment.detsi.qld.gov.au/pollution/air-quality/number-of-registered-vehicles,https://caraway.au/resources/queensland-vehicle-data#queensland-fuel-trends,https://creativecommons.org/licenses/by/4.0/,© The State of Queensland (Department of Transport and Main Roads),Filtered and reshaped by Caraway
2007,Diesel/Electric,0,20c5c7c4-1a76-44b8-b3cb-ea4a37e57d28,https://www.stateoftheenvironment.detsi.qld.gov.au/pollution/air-quality/number-of-registered-vehicles,https://caraway.au/resources/queensland-vehicle-data#queensland-fuel-trends,https://creativecommons.org/licenses/by/4.0/,© The State of Queensland (Department of Transport and Main Roads),Filtered and reshaped by Caraway
2007,Diesel/Gas,75,20c5c7c4-1a76-44b8-b3cb-ea4a37e57d28,https://www.stateoftheenvironment.detsi.qld.gov.au/pollution/air-quality/number-of-registered-vehicles,https://caraway.au/resources/queensland-vehicle-data#queensland-fuel-trends,https://creativecommons.org/licenses/by/4.0/,© The State of Queensland (Department of Transport and Main Roads),Filtered and reshaped by Caraway
2007,Electric,1,20c5c7c4-1a76-44b8-b3cb-ea4a37e57d28,https://www.stateoftheenvironment.detsi.qld.gov.au/pollution/air-quality/number-of-registered-vehicles,https://caraway.au/resources/queensland-vehicle-data#queensland-fuel-trends,https://creativecommons.org/licenses/by/4.0/,© The State of Queensland (Department of Transport and Main Roads),Filtered and reshaped by Caraway
2007,Gas,3794,20c5c7c4-1a76-44b8-b3cb-ea4a37e57d28,https://www.stateoftheenvironment.detsi.qld.gov.au/pollution/air-quality/number-of-registered-vehicles,https://caraway.au/resources/queensland-vehicle-data#queensland-fuel-trends,https://creativecommons.org/licenses/by/4.0/,© The State of Queensland (Department of Transport and Main Roads),Filtered and reshaped by Caraway
2007,Kerosine,4,20c5c7c4-1a76-44b8-b3cb-ea4a37e57d28,https://www.stateoftheenvironment.detsi.qld.gov.au/pollution/air-quality/number-of-registered-vehicles,https://caraway.au/resources/queensland-vehicle-data#queensland-fuel-trends,https://creativecommons.org/licenses/by/4.0/,© The State of Queensland (Department of Transport and Main Roads),Filtered and reshaped by Caraway
2007,Hydrogen,0,20c5c7c4-1a76-44b8-b3cb-ea4a37e57d28,https://www.stateoftheenvironment.detsi.qld.gov.au/pollution/air-quality/number-of-registered-vehicles,https://caraway.au/resources/queensland-vehicle-data#queensland-fuel-trends,https://creativecommons.org/licenses/by/4.0/,© The State of Queensland (Department of Transport and Main Roads),Filtered and reshaped by Caraway
2007,Petrol,2105709,20c5c7c4-1a76-44b8-b3cb-ea4a37e57d28,https://www.stateoftheenvironment.detsi.qld.gov.au/pollution/air-quality/number-of-registered-vehicles,https://caraway.au/resources/queensland-vehicle-data#queensland-fuel-trends,https://creativecommons.org/licenses/by/4.0/,© The State of Queensland (Department of Transport and Main Roads),Filtered and reshaped by Caraway
2007,Petrol/Electric,393,20c5c7c4-1a76-44b8-b3cb-ea4a37e57d28,https://www.stateoftheenvironment.detsi.qld.gov.au/pollution/air-quality/number-of-registered-vehicles,https://caraway.au/resources/queensland-vehicle-data#queensland-fuel-trends,https://creativecommons.org/licenses/by/4.0/,© The State of Queensland (Department of Transport and Main Roads),Filtered and reshaped by Caraway
2007,Petrol/Gas,28719,20c5c7c4-1a76-44b8-b3cb-ea4a37e57d28,https://www.stateoftheenvironment.detsi.qld.gov.au/pollution/air-quality/number-of-registered-vehicles,https://caraway.au/resources/queensland-vehicle-data#queensland-fuel-trends,https://creativecommons.org/licenses/by/4.0/,© The State of Queensland (Department of Transport and Main Roads),Filtered and reshaped by Caraway
2007,Steam,1,20c5c7c4-1a76-44b8-b3cb-ea4a37e57d28,https://www.stateoftheenvironment.detsi.qld.gov.au/pollution/air-quality/number-of-registered-vehicles,https://caraway.au/resources/queensland-vehicle-data#queensland-fuel-trends,https://creativecommons.org/licenses/by/4.0/,© The State of Queensland (Department of Transport and Main Roads),Filtered and reshaped by Caraway
2008,Diesel,138345,20c5c7c4-1a76-44b8-b3cb-ea4a37e57d28,https://www.stateoftheenvironment.detsi.qld.gov.au/pollution/air-quality/number-of-registered-vehicles,https://caraway.au/resources/queensland-vehicle-data#queensland-fuel-trends,https://creativecommons.org/licenses/by/4.0/,© The State of Queensland (Department of Transport and Main Roads),Filtered and reshaped by Caraway
2008,Diesel/Electric,0,20c5c7c4-1a76-44b8-b3cb-ea4a37e57d28,https://www.stateoftheenvironment.detsi.qld.gov.au/pollution/air-quality/number-of-registered-vehicles,https://caraway.au/resources/queensland-vehicle-data#queensland-fuel-trends,https://creativecommons.org/licenses/by/4.0/,© The State of Queensland (Department of Transport and Main Roads),Filtered and reshaped by Caraway
2008,Diesel/Gas,195,20c5c7c4-1a76-44b8-b3cb-ea4a37e57d28,https://www.stateoftheenvironment.detsi.qld.gov.au/pollution/air-quality/number-of-registered-vehicles,https://caraway.au/resources/queensland-vehicle-data#queensland-fuel-trends,https://creativecommons.org/licenses/by/4.0/,© The State of Queensland (Department of Transport and Main Roads),Filtered and reshaped by Caraway
2008,Electric,10,20c5c7c4-1a76-44b8-b3cb-ea4a37e57d28,https://www.stateoftheenvironment.detsi.qld.gov.au/pollution/air-quality/number-of-registered-vehicles,https://caraway.au/resources/queensland-vehicle-data#queensland-fuel-trends,https://creativecommons.org/licenses/by/4.0/,© The State of Queensland (Department of Transport and Main Roads),Filtered and reshaped by Caraway
2008,Gas,4511,20c5c7c4-1a76-44b8-b3cb-ea4a37e57d28,https://www.stateoftheenvironment.detsi.qld.gov.au/pollution/air-quality/number-of-registered-vehicles,https://caraway.au/resources/queensland-vehicle-data#queensland-fuel-trends,https://creativecommons.org/licenses/by/4.0/,© The State of Queensland (Department of Transport and Main Roads),Filtered and reshaped by Caraway
2008,Kerosine,3,20c5c7c4-1a76-44b8-b3cb-ea4a37e57d28,https://www.stateoftheenvironment.detsi.qld.gov.au/pollution/air-quality/number-of-registered-vehicles,https://caraway.au/resources/queensland-vehicle-data#queensland-fuel-trends,https://creativecommons.org/licenses/by/4.0/,© The State of Queensland (Department of Transport and Main Roads),Filtered and reshaped by Caraway
2008,Hydrogen,0,20c5c7c4-1a76-44b8-b3cb-ea4a37e57d28,https://www.stateoftheenvironment.detsi.qld.gov.au/pollution/air-quality/number-of-registered-vehicles,https://caraway.au/resources/queensland-vehicle-data#queensland-fuel-trends,https://creativecommons.org/licenses/by/4.0/,© The State of Queensland (Department of Transport and Main Roads),Filtered and reshaped by Caraway
2008,Petrol,2165550,20c5c7c4-1a76-44b8-b3cb-ea4a37e57d28,https://www.stateoftheenvironment.detsi.qld.gov.au/pollution/air-quality/number-of-registered-vehicles,https://caraway.au/resources/queensland-vehicle-data#queensland-fuel-trends,https://creativecommons.org/licenses/by/4.0/,© The State of Queensland (Department of Transport and Main Roads),Filtered and reshaped by Caraway
2008,Petrol/Electric,1129,20c5c7c4-1a76-44b8-b3cb-ea4a37e57d28,https://www.stateoftheenvironment.detsi.qld.gov.au/pollution/air-quality/number-of-registered-vehicles,https://caraway.au/resources/queensland-vehicle-data#queensland-fuel-trends,https://creativecommons.org/licenses/by/4.0/,© The State of Queensland (Department of Transport and Main Roads),Filtered and reshaped by Caraway
2008,Petrol/Gas,30052,20c5c7c4-1a76-44b8-b3cb-ea4a37e57d28,https://www.stateoftheenvironment.detsi.qld.gov.au/pollution/air-quality/number-of-registered-vehicles,https://caraway.au/resources/queensland-vehicle-data#queensland-fuel-trends,https://creativecommons.org/licenses/by/4.0/,© The State of Queensland (Department of Transport and Main Roads),Filtered and reshaped by Caraway
2008,Steam,0,20c5c7c4-1a76-44b8-b3cb-ea4a37e57d28,https://www.stateoftheenvironment.detsi.qld.gov.au/pollution/air-quality/number-of-registered-vehicles,https://caraway.au/resources/queensland-vehicle-data#queensland-fuel-trends,https://creativecommons.org/licenses/by/4.0/,© The State of Queensland (Department of Transport and Main Roads),Filtered and reshaped by Caraway
2009,Diesel,155390,20c5c7c4-1a76-44b8-b3cb-ea4a37e57d28,https://www.stateoftheenvironment.detsi.qld.gov.au/pollution/air-quality/number-of-registered-vehicles,https://caraway.au/resources/queensland-vehicle-data#queensland-fuel-trends,https://creativecommons.org/licenses/by/4.0/,© The State of Queensland (Department of Transport and Main Roads),Filtered and reshaped by Caraway
2009,Diesel/Electric,0,20c5c7c4-1a76-44b8-b3cb-ea4a37e57d28,https://www.stateoftheenvironment.detsi.qld.gov.au/pollution/air-quality/number-of-registered-vehicles,https://caraway.au/resources/queensland-vehicle-data#queensland-fuel-trends,https://creativecommons.org/licenses/by/4.0/,© The State of Queensland (Department of Transport and Main Roads),Filtered and reshaped by Caraway
2009,Diesel/Gas,311,20c5c7c4-1a76-44b8-b3cb-ea4a37e57d28,https://www.stateoftheenvironment.detsi.qld.gov.au/pollution/air-quality/number-of-registered-vehicles,https://caraway.au/resources/queensland-vehicle-data#queensland-fuel-trends,https://creativecommons.org/licenses/by/4.0/,© The State of Queensland (Department of Transport and Main Roads),Filtered and reshaped by Caraway
2009,Electric,16,20c5c7c4-1a76-44b8-b3cb-ea4a37e57d28,https://www.stateoftheenvironment.detsi.qld.gov.au/pollution/air-quality/number-of-registered-vehicles,https://caraway.au/resources/queensland-vehicle-data#queensland-fuel-trends,https://creativecommons.org/licenses/by/4.0/,© The State of Queensland (Department of Transport and Main Roads),Filtered and reshaped by Caraway
2009,Gas,5177,20c5c7c4-1a76-44b8-b3cb-ea4a37e57d28,https://www.stateoftheenvironment.detsi.qld.gov.au/pollution/air-quality/number-of-registered-vehicles,https://caraway.au/resources/queensland-vehicle-data#queensland-fuel-trends,https://creativecommons.org/licenses/by/4.0/,© The State of Queensland (Department of Transport and Main Roads),Filtered and reshaped by Caraway
2009,Kerosine,2,20c5c7c4-1a76-44b8-b3cb-ea4a37e57d28,https://www.stateoftheenvironment.detsi.qld.gov.au/pollution/air-quality/number-of-registered-vehicles,https://caraway.au/resources/queensland-vehicle-data#queensland-fuel-trends,https://creativecommons.org/licenses/by/4.0/,© The State of Queensland (Department of Transport and Main Roads),Filtered and reshaped by Caraway
2009,Hydrogen,0,20c5c7c4-1a76-44b8-b3cb-ea4a37e57d28,https://www.stateoftheenvironment.detsi.qld.gov.au/pollution/air-quality/number-of-registered-vehicles,https://caraway.au/resources/queensland-vehicle-data#queensland-fuel-trends,https://creativecommons.org/licenses/by/4.0/,© The State of Queensland (Department of Transport and Main Roads),Filtered and reshaped by Caraway
2009,Petrol,2196693,20c5c7c4-1a76-44b8-b3cb-ea4a37e57d28,https://www.stateoftheenvironment.detsi.qld.gov.au/pollution/air-quality/number-of-registered-vehicles,https://caraway.au/resources/queensland-vehicle-data#queensland-fuel-trends,https://creativecommons.org/licenses/by/4.0/,© The State of Queensland (Department of Transport and Main Roads),Filtered and reshaped by Caraway
2009,Petrol/Electric,1775,20c5c7c4-1a76-44b8-b3cb-ea4a37e57d28,https://www.stateoftheenvironment.detsi.qld.gov.au/pollution/air-quality/number-of-registered-vehicles,https://caraway.au/resources/queensland-vehicle-data#queensland-fuel-trends,https://creativecommons.org/licenses/by/4.0/,© The State of Queensland (Department of Transport and Main Roads),Filtered and reshaped by Caraway
2009,Petrol/Gas,30924,20c5c7c4-1a76-44b8-b3cb-ea4a37e57d28,https://www.stateoftheenvironment.detsi.qld.gov.au/pollution/air-quality/number-of-registered-vehicles,https://caraway.au/resources/queensland-vehicle-data#queensland-fuel-trends,https://creativecommons.org/licenses/by/4.0/,© The State of Queensland (Department of Transport and Main Roads),Filtered and reshaped by Caraway
2009,Steam,1,20c5c7c4-1a76-44b8-b3cb-ea4a37e57d28,https://www.stateoftheenvironment.detsi.qld.gov.au/pollution/air-quality/number-of-registered-vehicles,https://caraway.au/resources/queensland-vehicle-data#queensland-fuel-trends,https://creativecommons.org/licenses/by/4.0/,© The State of Queensland (Department of Transport and Main Roads),Filtered and reshaped by Caraway
2010,Diesel,178088,20c5c7c4-1a76-44b8-b3cb-ea4a37e57d28,https://www.stateoftheenvironment.detsi.qld.gov.au/pollution/air-quality/number-of-registered-vehicles,https://caraway.au/resources/queensland-vehicle-data#queensland-fuel-trends,https://creativecommons.org/licenses/by/4.0/,© The State of Queensland (Department of Transport and Main Roads),Filtered and reshaped by Caraway
2010,Diesel/Electric,0,20c5c7c4-1a76-44b8-b3cb-ea4a37e57d28,https://www.stateoftheenvironment.detsi.qld.gov.au/pollution/air-quality/number-of-registered-vehicles,https://caraway.au/resources/queensland-vehicle-data#queensland-fuel-trends,https://creativecommons.org/licenses/by/4.0/,© The State of Queensland (Department of Transport and Main Roads),Filtered and reshaped by Caraway
2010,Diesel/Gas,371,20c5c7c4-1a76-44b8-b3cb-ea4a37e57d28,https://www.stateoftheenvironment.detsi.qld.gov.au/pollution/air-quality/number-of-registered-vehicles,https://caraway.au/resources/queensland-vehicle-data#queensland-fuel-trends,https://creativecommons.org/licenses/by/4.0/,© The State of Queensland (Department of Transport and Main Roads),Filtered and reshaped by Caraway
2010,Electric,16,20c5c7c4-1a76-44b8-b3cb-ea4a37e57d28,https://www.stateoftheenvironment.detsi.qld.gov.au/pollution/air-quality/number-of-registered-vehicles,https://caraway.au/resources/queensland-vehicle-data#queensland-fuel-trends,https://creativecommons.org/licenses/by/4.0/,© The State of Queensland (Department of Transport and Main Roads),Filtered and reshaped by Caraway
2010,Gas,5439,20c5c7c4-1a76-44b8-b3cb-ea4a37e57d28,https://www.stateoftheenvironment.detsi.qld.gov.au/pollution/air-quality/number-of-registered-vehicles,https://caraway.au/resources/queensland-vehicle-data#queensland-fuel-trends,https://creativecommons.org/licenses/by/4.0/,© The State of Queensland (Department of Transport and Main Roads),Filtered and reshaped by Caraway
2010,Kerosine,2,20c5c7c4-1a76-44b8-b3cb-ea4a37e57d28,https://www.stateoftheenvironment.detsi.qld.gov.au/pollution/air-quality/number-of-registered-vehicles,https://caraway.au/resources/queensland-vehicle-data#queensland-fuel-trends,https://creativecommons.org/licenses/by/4.0/,© The State of Queensland (Department of Transport and Main Roads),Filtered and reshaped by Caraway
2010,Hydrogen,0,20c5c7c4-1a76-44b8-b3cb-ea4a37e57d28,https://www.stateoftheenvironment.detsi.qld.gov.au/pollution/air-quality/number-of-registered-vehicles,https://caraway.au/resources/queensland-vehicle-data#queensland-fuel-trends,https://creativecommons.org/licenses/by/4.0/,© The State of Queensland (Department of Transport and Main Roads),Filtered and reshaped by Caraway
2010,Petrol,2213508,20c5c7c4-1a76-44b8-b3cb-ea4a37e57d28,https://www.stateoftheenvironment.detsi.qld.gov.au/pollution/air-quality/number-of-registered-vehicles,https://caraway.au/resources/queensland-vehicle-data#queensland-fuel-trends,https://creativecommons.org/licenses/by/4.0/,© The State of Queensland (Department of Transport and Main Roads),Filtered and reshaped by Caraway
2010,Petrol/Electric,3091,20c5c7c4-1a76-44b8-b3cb-ea4a37e57d28,https://www.stateoftheenvironment.detsi.qld.gov.au/pollution/air-quality/number-of-registered-vehicles,https://caraway.au/resources/queensland-vehicle-data#queensland-fuel-trends,https://creativecommons.org/licenses/by/4.0/,© The State of Queensland (Department of Transport and Main Roads),Filtered and reshaped by Caraway
2010,Petrol/Gas,30518,20c5c7c4-1a76-44b8-b3cb-ea4a37e57d28,https://www.stateoftheenvironment.detsi.qld.gov.au/pollution/air-quality/number-of-registered-vehicles,https://caraway.au/resources/queensland-vehicle-data#queensland-fuel-trends,https://creativecommons.org/licenses/by/4.0/,© The State of Queensland (Department of Transport and Main Roads),Filtered and reshaped by Caraway
2010,Steam,1,20c5c7c4-1a76-44b8-b3cb-ea4a37e57d28,https://www.stateoftheenvironment.detsi.qld.gov.au/pollution/air-quality/number-of-registered-vehicles,https://caraway.au/resources/queensland-vehicle-data#queensland-fuel-trends,https://creativecommons.org/licenses/by/4.0/,© The State of Queensland (Department of Transport and Main Roads),Filtered and reshaped by Caraway
2011,Diesel,201757,20c5c7c4-1a76-44b8-b3cb-ea4a37e57d28,https://www.stateoftheenvironment.detsi.qld.gov.au/pollution/air-quality/number-of-registered-vehicles,https://caraway.au/resources/queensland-vehicle-data#queensland-fuel-trends,https://creativecommons.org/licenses/by/4.0/,© The State of Queensland (Department of Transport and Main Roads),Filtered and reshaped by Caraway
2011,Diesel/Electric,0,20c5c7c4-1a76-44b8-b3cb-ea4a37e57d28,https://www.stateoftheenvironment.detsi.qld.gov.au/pollution/air-quality/number-of-registered-vehicles,https://caraway.au/resources/queensland-vehicle-data#queensland-fuel-trends,https://creativecommons.org/licenses/by/4.0/,© The State of Queensland (Department of Transport and Main Roads),Filtered and reshaped by Caraway
2011,Diesel/Gas,415,20c5c7c4-1a76-44b8-b3cb-ea4a37e57d28,https://www.stateoftheenvironment.detsi.qld.gov.au/pollution/air-quality/number-of-registered-vehicles,https://caraway.au/resources/queensland-vehicle-data#queensland-fuel-trends,https://creativecommons.org/licenses/by/4.0/,© The State of Queensland (Department of Transport and Main Roads),Filtered and reshaped by Caraway
2011,Electric,35,20c5c7c4-1a76-44b8-b3cb-ea4a37e57d28,https://www.stateoftheenvironment.detsi.qld.gov.au/pollution/air-quality/number-of-registered-vehicles,https://caraway.au/resources/queensland-vehicle-data#queensland-fuel-trends,https://creativecommons.org/licenses/by/4.0/,© The State of Queensland (Department of Transport and Main Roads),Filtered and reshaped by Caraway
2011,Gas,5197,20c5c7c4-1a76-44b8-b3cb-ea4a37e57d28,https://www.stateoftheenvironment.detsi.qld.gov.au/pollution/air-quality/number-of-registered-vehicles,https://caraway.au/resources/queensland-vehicle-data#queensland-fuel-trends,https://creativecommons.org/licenses/by/4.0/,© The State of Queensland (Department of Transport and Main Roads),Filtered and reshaped by Caraway
2011,Kerosine,2,20c5c7c4-1a76-44b8-b3cb-ea4a37e57d28,https://www.stateoftheenvironment.detsi.qld.gov.au/pollution/air-quality/number-of-registered-vehicles,https://caraway.au/resources/queensland-vehicle-data#queensland-fuel-trends,https://creativecommons.org/licenses/by/4.0/,© The State of Queensland (Department of Transport and Main Roads),Filtered and reshaped by Caraway
2011,Hydrogen,0,20c5c7c4-1a76-44b8-b3cb-ea4a37e57d28,https://www.stateoftheenvironment.detsi.qld.gov.au/pollution/air-quality/number-of-registered-vehicles,https://caraway.au/resources/queensland-vehicle-data#queensland-fuel-trends,https://creativecommons.org/licenses/by/4.0/,© The State of Queensland (Department of Transport and Main Roads),Filtered and reshaped by Caraway
2011,Petrol,2237915,20c5c7c4-1a76-44b8-b3cb-ea4a37e57d28,https://www.stateoftheenvironment.detsi.qld.gov.au/pollution/air-quality/number-of-registered-vehicles,https://caraway.au/resources/queensland-vehicle-data#queensland-fuel-trends,https://creativecommons.org/licenses/by/4.0/,© The State of Queensland (Department of Transport and Main Roads),Filtered and reshaped by Caraway
2011,Petrol/Electric,5642,20c5c7c4-1a76-44b8-b3cb-ea4a37e57d28,https://www.stateoftheenvironment.detsi.qld.gov.au/pollution/air-quality/number-of-registered-vehicles,https://caraway.au/resources/queensland-vehicle-data#queensland-fuel-trends,https://creativecommons.org/licenses/by/4.0/,© The State of Queensland (Department of Transport and Main Roads),Filtered and reshaped by Caraway
2011,Petrol/Gas,30006,20c5c7c4-1a76-44b8-b3cb-ea4a37e57d28,https://www.stateoftheenvironment.detsi.qld.gov.au/pollution/air-quality/number-of-registered-vehicles,https://caraway.au/resources/queensland-vehicle-data#queensland-fuel-trends,https://creativecommons.org/licenses/by/4.0/,© The State of Queensland (Department of Transport and Main Roads),Filtered and reshaped by Caraway
2011,Steam,0,20c5c7c4-1a76-44b8-b3cb-ea4a37e57d28,https://www.stateoftheenvironment.detsi.qld.gov.au/pollution/air-quality/number-of-registered-vehicles,https://caraway.au/resources/queensland-vehicle-data#queensland-fuel-trends,https://creativecommons.org/licenses/by/4.0/,© The State of Queensland (Department of Transport and Main Roads),Filtered and reshaped by Caraway
2012,Diesel,231541,20c5c7c4-1a76-44b8-b3cb-ea4a37e57d28,https://www.stateoftheenvironment.detsi.qld.gov.au/pollution/air-quality/number-of-registered-vehicles,https://caraway.au/resources/queensland-vehicle-data#queensland-fuel-trends,https://creativecommons.org/licenses/by/4.0/,© The State of Queensland (Department of Transport and Main Roads),Filtered and reshaped by Caraway
2012,Diesel/Electric,0,20c5c7c4-1a76-44b8-b3cb-ea4a37e57d28,https://www.stateoftheenvironment.detsi.qld.gov.au/pollution/air-quality/number-of-registered-vehicles,https://caraway.au/resources/queensland-vehicle-data#queensland-fuel-trends,https://creativecommons.org/licenses/by/4.0/,© The State of Queensland (Department of Transport and Main Roads),Filtered and reshaped by Caraway
2012,Diesel/Gas,440,20c5c7c4-1a76-44b8-b3cb-ea4a37e57d28,https://www.stateoftheenvironment.detsi.qld.gov.au/pollution/air-quality/number-of-registered-vehicles,https://caraway.au/resources/queensland-vehicle-data#queensland-fuel-trends,https://creativecommons.org/licenses/by/4.0/,© The State of Queensland (Department of Transport and Main Roads),Filtered and reshaped by Caraway
2012,Electric,50,20c5c7c4-1a76-44b8-b3cb-ea4a37e57d28,https://www.stateoftheenvironment.detsi.qld.gov.au/pollution/air-quality/number-of-registered-vehicles,https://caraway.au/resources/queensland-vehicle-data#queensland-fuel-trends,https://creativecommons.org/licenses/by/4.0/,© The State of Queensland (Department of Transport and Main Roads),Filtered and reshaped by Caraway
2012,Gas,4787,20c5c7c4-1a76-44b8-b3cb-ea4a37e57d28,https://www.stateoftheenvironment.detsi.qld.gov.au/pollution/air-quality/number-of-registered-vehicles,https://caraway.au/resources/queensland-vehicle-data#queensland-fuel-trends,https://creativecommons.org/licenses/by/4.0/,© The State of Queensland (Department of Transport and Main Roads),Filtered and reshaped by Caraway
2012,Kerosine,2,20c5c7c4-1a76-44b8-b3cb-ea4a37e57d28,https://www.stateoftheenvironment.detsi.qld.gov.au/pollution/air-quality/number-of-registered-vehicles,https://caraway.au/resources/queensland-vehicle-data#queensland-fuel-trends,https://creativecommons.org/licenses/by/4.0/,© The State of Queensland (Department of Transport and Main Roads),Filtered and reshaped by Caraway
2012,Hydrogen,0,20c5c7c4-1a76-44b8-b3cb-ea4a37e57d28,https://www.stateoftheenvironment.detsi.qld.gov.au/pollution/air-quality/number-of-registered-vehicles,https://caraway.au/resources/queensland-vehicle-data#queensland-fuel-trends,https://creativecommons.org/licenses/by/4.0/,© The State of Queensland (Department of Transport and Main Roads),Filtered and reshaped by Caraway
2012,Petrol,2270486,20c5c7c4-1a76-44b8-b3cb-ea4a37e57d28,https://www.stateoftheenvironment.detsi.qld.gov.au/pollution/air-quality/number-of-registered-vehicles,https://caraway.au/resources/queensland-vehicle-data#queensland-fuel-trends,https://creativecommons.org/licenses/by/4.0/,© The State of Queensland (Department of Transport and Main Roads),Filtered and reshaped by Caraway
2012,Petrol/Electric,7856,20c5c7c4-1a76-44b8-b3cb-ea4a37e57d28,https://www.stateoftheenvironment.detsi.qld.gov.au/pollution/air-quality/number-of-registered-vehicles,https://caraway.au/resources/queensland-vehicle-data#queensland-fuel-trends,https://creativecommons.org/licenses/by/4.0/,© The State of Queensland (Department of Transport and Main Roads),Filtered and reshaped by Caraway
2012,Petrol/Gas,28858,20c5c7c4-1a76-44b8-b3cb-ea4a37e57d28,https://www.stateoftheenvironment.detsi.qld.gov.au/pollution/air-quality/number-of-registered-vehicles,https://caraway.au/resources/queensland-vehicle-data#queensland-fuel-trends,https://creativecommons.org/licenses/by/4.0/,© The State of Queensland (Department of Transport and Main Roads),Filtered and reshaped by Caraway
2012,Steam,2,20c5c7c4-1a76-44b8-b3cb-ea4a37e57d28,https://www.stateoftheenvironment.detsi.qld.gov.au/pollution/air-quality/number-of-registered-vehicles,https://caraway.au/resources/queensland-vehicle-data#queensland-fuel-trends,https://creativecommons.org/licenses/by/4.0/,© The State of Queensland (Department of Transport and Main Roads),Filtered and reshaped by Caraway
2013,Diesel,263889,20c5c7c4-1a76-44b8-b3cb-ea4a37e57d28,https://www.stateoftheenvironment.detsi.qld.gov.au/pollution/air-quality/number-of-registered-vehicles,https://caraway.au/resources/queensland-vehicle-data#queensland-fuel-trends,https://creativecommons.org/licenses/by/4.0/,© The State of Queensland (Department of Transport and Main Roads),Filtered and reshaped by Caraway
2013,Diesel/Electric,0,20c5c7c4-1a76-44b8-b3cb-ea4a37e57d28,https://www.stateoftheenvironment.detsi.qld.gov.au/pollution/air-quality/number-of-registered-vehicles,https://caraway.au/resources/queensland-vehicle-data#queensland-fuel-trends,https://creativecommons.org/licenses/by/4.0/,© The State of Queensland (Department of Transport and Main Roads),Filtered and reshaped by Caraway
2013,Diesel/Gas,468,20c5c7c4-1a76-44b8-b3cb-ea4a37e57d28,https://www.stateoftheenvironment.detsi.qld.gov.au/pollution/air-quality/number-of-registered-vehicles,https://caraway.au/resources/queensland-vehicle-data#queensland-fuel-trends,https://creativecommons.org/licenses/by/4.0/,© The State of Queensland (Department of Transport and Main Roads),Filtered and reshaped by Caraway
2013,Electric,76,20c5c7c4-1a76-44b8-b3cb-ea4a37e57d28,https://www.stateoftheenvironment.detsi.qld.gov.au/pollution/air-quality/number-of-registered-vehicles,https://caraway.au/resources/queensland-vehicle-data#queensland-fuel-trends,https://creativecommons.org/licenses/by/4.0/,© The State of Queensland (Department of Transport and Main Roads),Filtered and reshaped by Caraway
2013,Gas,4437,20c5c7c4-1a76-44b8-b3cb-ea4a37e57d28,https://www.stateoftheenvironment.detsi.qld.gov.au/pollution/air-quality/number-of-registered-vehicles,https://caraway.au/resources/queensland-vehicle-data#queensland-fuel-trends,https://creativecommons.org/licenses/by/4.0/,© The State of Queensland (Department of Transport and Main Roads),Filtered and reshaped by Caraway
2013,Kerosine,4,20c5c7c4-1a76-44b8-b3cb-ea4a37e57d28,https://www.stateoftheenvironment.detsi.qld.gov.au/pollution/air-quality/number-of-registered-vehicles,https://caraway.au/resources/queensland-vehicle-data#queensland-fuel-trends,https://creativecommons.org/licenses/by/4.0/,© The State of Queensland (Department of Transport and Main Roads),Filtered and reshaped by Caraway
2013,Hydrogen,0,20c5c7c4-1a76-44b8-b3cb-ea4a37e57d28,https://www.stateoftheenvironment.detsi.qld.gov.au/pollution/air-quality/number-of-registered-vehicles,https://caraway.au/resources/queensland-vehicle-data#queensland-fuel-trends,https://creativecommons.org/licenses/by/4.0/,© The State of Queensland (Department of Transport and Main Roads),Filtered and reshaped by Caraway
2013,Petrol,2304526,20c5c7c4-1a76-44b8-b3cb-ea4a37e57d28,https://www.stateoftheenvironment.detsi.qld.gov.au/pollution/air-quality/number-of-registered-vehicles,https://caraway.au/resources/queensland-vehicle-data#queensland-fuel-trends,https://creativecommons.org/licenses/by/4.0/,© The State of Queensland (Department of Transport and Main Roads),Filtered and reshaped by Caraway
2013,Petrol/Electric,10447,20c5c7c4-1a76-44b8-b3cb-ea4a37e57d28,https://www.stateoftheenvironment.detsi.qld.gov.au/pollution/air-quality/number-of-registered-vehicles,https://caraway.au/resources/queensland-vehicle-data#queensland-fuel-trends,https://creativecommons.org/licenses/by/4.0/,© The State of Queensland (Department of Transport and Main Roads),Filtered and reshaped by Caraway
2013,Petrol/Gas,27280,20c5c7c4-1a76-44b8-b3cb-ea4a37e57d28,https://www.stateoftheenvironment.detsi.qld.gov.au/pollution/air-quality/number-of-registered-vehicles,https://caraway.au/resources/queensland-vehicle-data#queensland-fuel-trends,https://creativecommons.org/licenses/by/4.0/,© The State of Queensland (Department of Transport and Main Roads),Filtered and reshaped by Caraway
2013,Steam,2,20c5c7c4-1a76-44b8-b3cb-ea4a37e57d28,https://www.stateoftheenvironment.detsi.qld.gov.au/pollution/air-quality/number-of-registered-vehicles,https://caraway.au/resources/queensland-vehicle-data#queensland-fuel-trends,https://creativecommons.org/licenses/by/4.0/,© The State of Queensland (Department of Transport and Main Roads),Filtered and reshaped by Caraway
2014,Diesel,293615,20c5c7c4-1a76-44b8-b3cb-ea4a37e57d28,https://www.stateoftheenvironment.detsi.qld.gov.au/pollution/air-quality/number-of-registered-vehicles,https://caraway.au/resources/queensland-vehicle-data#queensland-fuel-trends,https://creativecommons.org/licenses/by/4.0/,© The State of Queensland (Department of Transport and Main Roads),Filtered and reshaped by Caraway
2014,Diesel/Electric,18,20c5c7c4-1a76-44b8-b3cb-ea4a37e57d28,https://www.stateoftheenvironment.detsi.qld.gov.au/pollution/air-quality/number-of-registered-vehicles,https://caraway.au/resources/queensland-vehicle-data#queensland-fuel-trends,https://creativecommons.org/licenses/by/4.0/,© The State of Queensland (Department of Transport and Main Roads),Filtered and reshaped by Caraway
2014,Diesel/Gas,482,20c5c7c4-1a76-44b8-b3cb-ea4a37e57d28,https://www.stateoftheenvironment.detsi.qld.gov.au/pollution/air-quality/number-of-registered-vehicles,https://caraway.au/resources/queensland-vehicle-data#queensland-fuel-trends,https://creativecommons.org/licenses/by/4.0/,© The State of Queensland (Department of Transport and Main Roads),Filtered and reshaped by Caraway
2014,Electric,102,20c5c7c4-1a76-44b8-b3cb-ea4a37e57d28,https://www.stateoftheenvironment.detsi.qld.gov.au/pollution/air-quality/number-of-registered-vehicles,https://caraway.au/resources/queensland-vehicle-data#queensland-fuel-trends,https://creativecommons.org/licenses/by/4.0/,© The State of Queensland (Department of Transport and Main Roads),Filtered and reshaped by Caraway
2014,Gas,4054,20c5c7c4-1a76-44b8-b3cb-ea4a37e57d28,https://www.stateoftheenvironment.detsi.qld.gov.au/pollution/air-quality/number-of-registered-vehicles,https://caraway.au/resources/queensland-vehicle-data#queensland-fuel-trends,https://creativecommons.org/licenses/by/4.0/,© The State of Queensland (Department of Transport and Main Roads),Filtered and reshaped by Caraway
2014,Kerosine,3,20c5c7c4-1a76-44b8-b3cb-ea4a37e57d28,https://www.stateoftheenvironment.detsi.qld.gov.au/pollution/air-quality/number-of-registered-vehicles,https://caraway.au/resources/queensland-vehicle-data#queensland-fuel-trends,https://creativecommons.org/licenses/by/4.0/,© The State of Queensland (Department of Transport and Main Roads),Filtered and reshaped by Caraway
2014,Hydrogen,0,20c5c7c4-1a76-44b8-b3cb-ea4a37e57d28,https://www.stateoftheenvironment.detsi.qld.gov.au/pollution/air-quality/number-of-registered-vehicles,https://caraway.au/resources/queensland-vehicle-data#queensland-fuel-trends,https://creativecommons.org/licenses/by/4.0/,© The State of Queensland (Department of Transport and Main Roads),Filtered and reshaped by Caraway
2014,Petrol,2328305,20c5c7c4-1a76-44b8-b3cb-ea4a37e57d28,https://www.stateoftheenvironment.detsi.qld.gov.au/pollution/air-quality/number-of-registered-vehicles,https://caraway.au/resources/queensland-vehicle-data#queensland-fuel-trends,https://creativecommons.org/licenses/by/4.0/,© The State of Queensland (Department of Transport and Main Roads),Filtered and reshaped by Caraway
2014,Petrol/Electric,12485,20c5c7c4-1a76-44b8-b3cb-ea4a37e57d28,https://www.stateoftheenvironment.detsi.qld.gov.au/pollution/air-quality/number-of-registered-vehicles,https://caraway.au/resources/queensland-vehicle-data#queensland-fuel-trends,https://creativecommons.org/licenses/by/4.0/,© The State of Queensland (Department of Transport and Main Roads),Filtered and reshaped by Caraway
2014,Petrol/Gas,25472,20c5c7c4-1a76-44b8-b3cb-ea4a37e57d28,https://www.stateoftheenvironment.detsi.qld.gov.au/pollution/air-quality/number-of-registered-vehicles,https://caraway.au/resources/queensland-vehicle-data#queensland-fuel-trends,https://creativecommons.org/licenses/by/4.0/,© The State of Queensland (Department of Transport and Main Roads),Filtered and reshaped by Caraway
2014,Steam,2,20c5c7c4-1a76-44b8-b3cb-ea4a37e57d28,https://www.stateoftheenvironment.detsi.qld.gov.au/pollution/air-quality/number-of-registered-vehicles,https://caraway.au/resources/queensland-vehicle-data#queensland-fuel-trends,https://creativecommons.org/licenses/by/4.0/,© The State of Queensland (Department of Transport and Main Roads),Filtered and reshaped by Caraway
2015,Diesel,319398,20c5c7c4-1a76-44b8-b3cb-ea4a37e57d28,https://www.stateoftheenvironment.detsi.qld.gov.au/pollution/air-quality/number-of-registered-vehicles,https://caraway.au/resources/queensland-vehicle-data#queensland-fuel-trends,https://creativecommons.org/licenses/by/4.0/,© The State of Queensland (Department of Transport and Main Roads),Filtered and reshaped by Caraway
2015,Diesel/Electric,39,20c5c7c4-1a76-44b8-b3cb-ea4a37e57d28,https://www.stateoftheenvironment.detsi.qld.gov.au/pollution/air-quality/number-of-registered-vehicles,https://caraway.au/resources/queensland-vehicle-data#queensland-fuel-trends,https://creativecommons.org/licenses/by/4.0/,© The State of Queensland (Department of Transport and Main Roads),Filtered and reshaped by Caraway
2015,Diesel/Gas,470,20c5c7c4-1a76-44b8-b3cb-ea4a37e57d28,https://www.stateoftheenvironment.detsi.qld.gov.au/pollution/air-quality/number-of-registered-vehicles,https://caraway.au/resources/queensland-vehicle-data#queensland-fuel-trends,https://creativecommons.org/licenses/by/4.0/,© The State of Queensland (Department of Transport and Main Roads),Filtered and reshaped by Caraway
2015,Electric,170,20c5c7c4-1a76-44b8-b3cb-ea4a37e57d28,https://www.stateoftheenvironment.detsi.qld.gov.au/pollution/air-quality/number-of-registered-vehicles,https://caraway.au/resources/queensland-vehicle-data#queensland-fuel-trends,https://creativecommons.org/licenses/by/4.0/,© The State of Queensland (Department of Transport and Main Roads),Filtered and reshaped by Caraway
2015,Gas,3609,20c5c7c4-1a76-44b8-b3cb-ea4a37e57d28,https://www.stateoftheenvironment.detsi.qld.gov.au/pollution/air-quality/number-of-registered-vehicles,https://caraway.au/resources/queensland-vehicle-data#queensland-fuel-trends,https://creativecommons.org/licenses/by/4.0/,© The State of Queensland (Department of Transport and Main Roads),Filtered and reshaped by Caraway
2015,Kerosine,2,20c5c7c4-1a76-44b8-b3cb-ea4a37e57d28,https://www.stateoftheenvironment.detsi.qld.gov.au/pollution/air-quality/number-of-registered-vehicles,https://caraway.au/resources/queensland-vehicle-data#queensland-fuel-trends,https://creativecommons.org/licenses/by/4.0/,© The State of Queensland (Department of Transport and Main Roads),Filtered and reshaped by Caraway
2015,Hydrogen,0,20c5c7c4-1a76-44b8-b3cb-ea4a37e57d28,https://www.stateoftheenvironment.detsi.qld.gov.au/pollution/air-quality/number-of-registered-vehicles,https://caraway.au/resources/queensland-vehicle-data#queensland-fuel-trends,https://creativecommons.org/licenses/by/4.0/,© The State of Queensland (Department of Transport and Main Roads),Filtered and reshaped by Caraway
2015,Petrol,2346235,20c5c7c4-1a76-44b8-b3cb-ea4a37e57d28,https://www.stateoftheenvironment.detsi.qld.gov.au/pollution/air-quality/number-of-registered-vehicles,https://caraway.au/resources/queensland-vehicle-data#queensland-fuel-trends,https://creativecommons.org/licenses/by/4.0/,© The State of Queensland (Department of Transport and Main Roads),Filtered and reshaped by Caraway
2015,Petrol/Electric,14528,20c5c7c4-1a76-44b8-b3cb-ea4a37e57d28,https://www.stateoftheenvironment.detsi.qld.gov.au/pollution/air-quality/number-of-registered-vehicles,https://caraway.au/resources/queensland-vehicle-data#queensland-fuel-trends,https://creativecommons.org/licenses/by/4.0/,© The State of Queensland (Department of Transport and Main Roads),Filtered and reshaped by Caraway
2015,Petrol/Gas,23148,20c5c7c4-1a76-44b8-b3cb-ea4a37e57d28,https://www.stateoftheenvironment.detsi.qld.gov.au/pollution/air-quality/number-of-registered-vehicles,https://caraway.au/resources/queensland-vehicle-data#queensland-fuel-trends,https://creativecommons.org/licenses/by/4.0/,© The State of Queensland (Department of Transport and Main Roads),Filtered and reshaped by Caraway
2015,Steam,2,20c5c7c4-1a76-44b8-b3cb-ea4a37e57d28,https://www.stateoftheenvironment.detsi.qld.gov.au/pollution/air-quality/number-of-registered-vehicles,https://caraway.au/resources/queensland-vehicle-data#queensland-fuel-trends,https://creativecommons.org/licenses/by/4.0/,© The State of Queensland (Department of Transport and Main Roads),Filtered and reshaped by Caraway
2016,Diesel,347085,20c5c7c4-1a76-44b8-b3cb-ea4a37e57d28,https://www.stateoftheenvironment.detsi.qld.gov.au/pollution/air-quality/number-of-registered-vehicles,https://caraway.au/resources/queensland-vehicle-data#queensland-fuel-trends,https://creativecommons.org/licenses/by/4.0/,© The State of Queensland (Department of Transport and Main Roads),Filtered and reshaped by Caraway
2016,Diesel/Electric,66,20c5c7c4-1a76-44b8-b3cb-ea4a37e57d28,https://www.stateoftheenvironment.detsi.qld.gov.au/pollution/air-quality/number-of-registered-vehicles,https://caraway.au/resources/queensland-vehicle-data#queensland-fuel-trends,https://creativecommons.org/licenses/by/4.0/,© The State of Queensland (Department of Transport and Main Roads),Filtered and reshaped by Caraway
2016,Diesel/Gas,459,20c5c7c4-1a76-44b8-b3cb-ea4a37e57d28,https://www.stateoftheenvironment.detsi.qld.gov.au/pollution/air-quality/number-of-registered-vehicles,https://caraway.au/resources/queensland-vehicle-data#queensland-fuel-trends,https://creativecommons.org/licenses/by/4.0/,© The State of Queensland (Department of Transport and Main Roads),Filtered and reshaped by Caraway
2016,Electric,281,20c5c7c4-1a76-44b8-b3cb-ea4a37e57d28,https://www.stateoftheenvironment.detsi.qld.gov.au/pollution/air-quality/number-of-registered-vehicles,https://caraway.au/resources/queensland-vehicle-data#queensland-fuel-trends,https://creativecommons.org/licenses/by/4.0/,© The State of Queensland (Department of Transport and Main Roads),Filtered and reshaped by Caraway
2016,Gas,3295,20c5c7c4-1a76-44b8-b3cb-ea4a37e57d28,https://www.stateoftheenvironment.detsi.qld.gov.au/pollution/air-quality/number-of-registered-vehicles,https://caraway.au/resources/queensland-vehicle-data#queensland-fuel-trends,https://creativecommons.org/licenses/by/4.0/,© The State of Queensland (Department of Transport and Main Roads),Filtered and reshaped by Caraway
2016,Kerosine,1,20c5c7c4-1a76-44b8-b3cb-ea4a37e57d28,https://www.stateoftheenvironment.detsi.qld.gov.au/pollution/air-quality/number-of-registered-vehicles,https://caraway.au/resources/queensland-vehicle-data#queensland-fuel-trends,https://creativecommons.org/licenses/by/4.0/,© The State of Queensland (Department of Transport and Main Roads),Filtered and reshaped by Caraway
2016,Hydrogen,0,20c5c7c4-1a76-44b8-b3cb-ea4a37e57d28,https://www.stateoftheenvironment.detsi.qld.gov.au/pollution/air-quality/number-of-registered-vehicles,https://caraway.au/resources/queensland-vehicle-data#queensland-fuel-trends,https://creativecommons.org/licenses/by/4.0/,© The State of Queensland (Department of Transport and Main Roads),Filtered and reshaped by Caraway
2016,Petrol,2382768,20c5c7c4-1a76-44b8-b3cb-ea4a37e57d28,https://www.stateoftheenvironment.detsi.qld.gov.au/pollution/air-quality/number-of-registered-vehicles,https://caraway.au/resources/queensland-vehicle-data#queensland-fuel-trends,https://creativecommons.org/licenses/by/4.0/,© The State of Queensland (Department of Transport and Main Roads),Filtered and reshaped by Caraway
2016,Petrol/Electric,16576,20c5c7c4-1a76-44b8-b3cb-ea4a37e57d28,https://www.stateoftheenvironment.detsi.qld.gov.au/pollution/air-quality/number-of-registered-vehicles,https://caraway.au/resources/queensland-vehicle-data#queensland-fuel-trends,https://creativecommons.org/licenses/by/4.0/,© The State of Queensland (Department of Transport and Main Roads),Filtered and reshaped by Caraway
2016,Petrol/Gas,21100,20c5c7c4-1a76-44b8-b3cb-ea4a37e57d28,https://www.stateoftheenvironment.detsi.qld.gov.au/pollution/air-quality/number-of-registered-vehicles,https://caraway.au/resources/queensland-vehicle-data#queensland-fuel-trends,https://creativecommons.org/licenses/by/4.0/,© The State of Queensland (Department of Transport and Main Roads),Filtered and reshaped by Caraway
2016,Steam,1,20c5c7c4-1a76-44b8-b3cb-ea4a37e57d28,https://www.stateoftheenvironment.detsi.qld.gov.au/pollution/air-quality/number-of-registered-vehicles,https://caraway.au/resources/queensland-vehicle-data#queensland-fuel-trends,https://creativecommons.org/licenses/by/4.0/,© The State of Queensland (Department of Transport and Main Roads),Filtered and reshaped by Caraway
2017,Diesel,375057,20c5c7c4-1a76-44b8-b3cb-ea4a37e57d28,https://www.stateoftheenvironment.detsi.qld.gov.au/pollution/air-quality/number-of-registered-vehicles,https://caraway.au/resources/queensland-vehicle-data#queensland-fuel-trends,https://creativecommons.org/licenses/by/4.0/,© The State of Queensland (Department of Transport and Main Roads),Filtered and reshaped by Caraway
2017,Diesel/Electric,72,20c5c7c4-1a76-44b8-b3cb-ea4a37e57d28,https://www.stateoftheenvironment.detsi.qld.gov.au/pollution/air-quality/number-of-registered-vehicles,https://caraway.au/resources/queensland-vehicle-data#queensland-fuel-trends,https://creativecommons.org/licenses/by/4.0/,© The State of Queensland (Department of Transport and Main Roads),Filtered and reshaped by Caraway
2017,Diesel/Gas,449,20c5c7c4-1a76-44b8-b3cb-ea4a37e57d28,https://www.stateoftheenvironment.detsi.qld.gov.au/pollution/air-quality/number-of-registered-vehicles,https://caraway.au/resources/queensland-vehicle-data#queensland-fuel-trends,https://creativecommons.org/licenses/by/4.0/,© The State of Queensland (Department of Transport and Main Roads),Filtered and reshaped by Caraway
2017,Electric,445,20c5c7c4-1a76-44b8-b3cb-ea4a37e57d28,https://www.stateoftheenvironment.detsi.qld.gov.au/pollution/air-quality/number-of-registered-vehicles,https://caraway.au/resources/queensland-vehicle-data#queensland-fuel-trends,https://creativecommons.org/licenses/by/4.0/,© The State of Queensland (Department of Transport and Main Roads),Filtered and reshaped by Caraway
2017,Gas,2913,20c5c7c4-1a76-44b8-b3cb-ea4a37e57d28,https://www.stateoftheenvironment.detsi.qld.gov.au/pollution/air-quality/number-of-registered-vehicles,https://caraway.au/resources/queensland-vehicle-data#queensland-fuel-trends,https://creativecommons.org/licenses/by/4.0/,© The State of Queensland (Department of Transport and Main Roads),Filtered and reshaped by Caraway
2017,Kerosine,1,20c5c7c4-1a76-44b8-b3cb-ea4a37e57d28,https://www.stateoftheenvironment.detsi.qld.gov.au/pollution/air-quality/number-of-registered-vehicles,https://caraway.au/resources/queensland-vehicle-data#queensland-fuel-trends,https://creativecommons.org/licenses/by/4.0/,© The State of Queensland (Department of Transport and Main Roads),Filtered and reshaped by Caraway
2017,Hydrogen,0,20c5c7c4-1a76-44b8-b3cb-ea4a37e57d28,https://www.stateoftheenvironment.detsi.qld.gov.au/pollution/air-quality/number-of-registered-vehicles,https://caraway.au/resources/queensland-vehicle-data#queensland-fuel-trends,https://creativecommons.org/licenses/by/4.0/,© The State of Queensland (Department of Transport and Main Roads),Filtered and reshaped by Caraway
2017,Petrol,2408393,20c5c7c4-1a76-44b8-b3cb-ea4a37e57d28,https://www.stateoftheenvironment.detsi.qld.gov.au/pollution/air-quality/number-of-registered-vehicles,https://caraway.au/resources/queensland-vehicle-data#queensland-fuel-trends,https://creativecommons.org/licenses/by/4.0/,© The State of Queensland (Department of Transport and Main Roads),Filtered and reshaped by Caraway
2017,Petrol/Electric,18175,20c5c7c4-1a76-44b8-b3cb-ea4a37e57d28,https://www.stateoftheenvironment.detsi.qld.gov.au/pollution/air-quality/number-of-registered-vehicles,https://caraway.au/resources/queensland-vehicle-data#queensland-fuel-trends,https://creativecommons.org/licenses/by/4.0/,© The State of Queensland (Department of Transport and Main Roads),Filtered and reshaped by Caraway
2017,Petrol/Gas,18967,20c5c7c4-1a76-44b8-b3cb-ea4a37e57d28,https://www.stateoftheenvironment.detsi.qld.gov.au/pollution/air-quality/number-of-registered-vehicles,https://caraway.au/resources/queensland-vehicle-data#queensland-fuel-trends,https://creativecommons.org/licenses/by/4.0/,© The State of Queensland (Department of Transport and Main Roads),Filtered and reshaped by Caraway
2017,Steam,1,20c5c7c4-1a76-44b8-b3cb-ea4a37e57d28,https://www.stateoftheenvironment.detsi.qld.gov.au/pollution/air-quality/number-of-registered-vehicles,https://caraway.au/resources/queensland-vehicle-data#queensland-fuel-trends,https://creativecommons.org/licenses/by/4.0/,© The State of Queensland (Department of Transport and Main Roads),Filtered and reshaped by Caraway
2018,Diesel,402962,20c5c7c4-1a76-44b8-b3cb-ea4a37e57d28,https://www.stateoftheenvironment.detsi.qld.gov.au/pollution/air-quality/number-of-registered-vehicles,https://caraway.au/resources/queensland-vehicle-data#queensland-fuel-trends,https://creativecommons.org/licenses/by/4.0/,© The State of Queensland (Department of Transport and Main Roads),Filtered and reshaped by Caraway
2018,Diesel/Electric,66,20c5c7c4-1a76-44b8-b3cb-ea4a37e57d28,https://www.stateoftheenvironment.detsi.qld.gov.au/pollution/air-quality/number-of-registered-vehicles,https://caraway.au/resources/queensland-vehicle-data#queensland-fuel-trends,https://creativecommons.org/licenses/by/4.0/,© The State of Queensland (Department of Transport and Main Roads),Filtered and reshaped by Caraway
2018,Diesel/Gas,438,20c5c7c4-1a76-44b8-b3cb-ea4a37e57d28,https://www.stateoftheenvironment.detsi.qld.gov.au/pollution/air-quality/number-of-registered-vehicles,https://caraway.au/resources/queensland-vehicle-data#queensland-fuel-trends,https://creativecommons.org/licenses/by/4.0/,© The State of Queensland (Department of Transport and Main Roads),Filtered and reshaped by Caraway
2018,Electric,706,20c5c7c4-1a76-44b8-b3cb-ea4a37e57d28,https://www.stateoftheenvironment.detsi.qld.gov.au/pollution/air-quality/number-of-registered-vehicles,https://caraway.au/resources/queensland-vehicle-data#queensland-fuel-trends,https://creativecommons.org/licenses/by/4.0/,© The State of Queensland (Department of Transport and Main Roads),Filtered and reshaped by Caraway
2018,Gas,2534,20c5c7c4-1a76-44b8-b3cb-ea4a37e57d28,https://www.stateoftheenvironment.detsi.qld.gov.au/pollution/air-quality/number-of-registered-vehicles,https://caraway.au/resources/queensland-vehicle-data#queensland-fuel-trends,https://creativecommons.org/licenses/by/4.0/,© The State of Queensland (Department of Transport and Main Roads),Filtered and reshaped by Caraway
2018,Kerosine,1,20c5c7c4-1a76-44b8-b3cb-ea4a37e57d28,https://www.stateoftheenvironment.detsi.qld.gov.au/pollution/air-quality/number-of-registered-vehicles,https://caraway.au/resources/queensland-vehicle-data#queensland-fuel-trends,https://creativecommons.org/licenses/by/4.0/,© The State of Queensland (Department of Transport and Main Roads),Filtered and reshaped by Caraway
2018,Hydrogen,0,20c5c7c4-1a76-44b8-b3cb-ea4a37e57d28,https://www.stateoftheenvironment.detsi.qld.gov.au/pollution/air-quality/number-of-registered-vehicles,https://caraway.au/resources/queensland-vehicle-data#queensland-fuel-trends,https://creativecommons.org/licenses/by/4.0/,© The State of Queensland (Department of Transport and Main Roads),Filtered and reshaped by Caraway
2018,Petrol,2438722,20c5c7c4-1a76-44b8-b3cb-ea4a37e57d28,https://www.stateoftheenvironment.detsi.qld.gov.au/pollution/air-quality/number-of-registered-vehicles,https://caraway.au/resources/queensland-vehicle-data#queensland-fuel-trends,https://creativecommons.org/licenses/by/4.0/,© The State of Queensland (Department of Transport and Main Roads),Filtered and reshaped by Caraway
2018,Petrol/Electric,19713,20c5c7c4-1a76-44b8-b3cb-ea4a37e57d28,https://www.stateoftheenvironment.detsi.qld.gov.au/pollution/air-quality/number-of-registered-vehicles,https://caraway.au/resources/queensland-vehicle-data#queensland-fuel-trends,https://creativecommons.org/licenses/by/4.0/,© The State of Queensland (Department of Transport and Main Roads),Filtered and reshaped by Caraway
2018,Petrol/Gas,16904,20c5c7c4-1a76-44b8-b3cb-ea4a37e57d28,https://www.stateoftheenvironment.detsi.qld.gov.au/pollution/air-quality/number-of-registered-vehicles,https://caraway.au/resources/queensland-vehicle-data#queensland-fuel-trends,https://creativecommons.org/licenses/by/4.0/,© The State of Queensland (Department of Transport and Main Roads),Filtered and reshaped by Caraway
2018,Steam,1,20c5c7c4-1a76-44b8-b3cb-ea4a37e57d28,https://www.stateoftheenvironment.detsi.qld.gov.au/pollution/air-quality/number-of-registered-vehicles,https://caraway.au/resources/queensland-vehicle-data#queensland-fuel-trends,https://creativecommons.org/licenses/by/4.0/,© The State of Queensland (Department of Transport and Main Roads),Filtered and reshaped by Caraway
2019,Diesel,424631,20c5c7c4-1a76-44b8-b3cb-ea4a37e57d28,https://www.stateoftheenvironment.detsi.qld.gov.au/pollution/air-quality/number-of-registered-vehicles,https://caraway.au/resources/queensland-vehicle-data#queensland-fuel-trends,https://creativecommons.org/licenses/by/4.0/,© The State of Queensland (Department of Transport and Main Roads),Filtered and reshaped by Caraway
2019,Diesel/Electric,69,20c5c7c4-1a76-44b8-b3cb-ea4a37e57d28,https://www.stateoftheenvironment.detsi.qld.gov.au/pollution/air-quality/number-of-registered-vehicles,https://caraway.au/resources/queensland-vehicle-data#queensland-fuel-trends,https://creativecommons.org/licenses/by/4.0/,© The State of Queensland (Department of Transport and Main Roads),Filtered and reshaped by Caraway
2019,Diesel/Gas,413,20c5c7c4-1a76-44b8-b3cb-ea4a37e57d28,https://www.stateoftheenvironment.detsi.qld.gov.au/pollution/air-quality/number-of-registered-vehicles,https://caraway.au/resources/queensland-vehicle-data#queensland-fuel-trends,https://creativecommons.org/licenses/by/4.0/,© The State of Queensland (Department of Transport and Main Roads),Filtered and reshaped by Caraway
2019,Electric,969,20c5c7c4-1a76-44b8-b3cb-ea4a37e57d28,https://www.stateoftheenvironment.detsi.qld.gov.au/pollution/air-quality/number-of-registered-vehicles,https://caraway.au/resources/queensland-vehicle-data#queensland-fuel-trends,https://creativecommons.org/licenses/by/4.0/,© The State of Queensland (Department of Transport and Main Roads),Filtered and reshaped by Caraway
2019,Gas,2206,20c5c7c4-1a76-44b8-b3cb-ea4a37e57d28,https://www.stateoftheenvironment.detsi.qld.gov.au/pollution/air-quality/number-of-registered-vehicles,https://caraway.au/resources/queensland-vehicle-data#queensland-fuel-trends,https://creativecommons.org/licenses/by/4.0/,© The State of Queensland (Department of Transport and Main Roads),Filtered and reshaped by Caraway
2019,Kerosine,1,20c5c7c4-1a76-44b8-b3cb-ea4a37e57d28,https://www.stateoftheenvironment.detsi.qld.gov.au/pollution/air-quality/number-of-registered-vehicles,https://caraway.au/resources/queensland-vehicle-data#queensland-fuel-trends,https://creativecommons.org/licenses/by/4.0/,© The State of Queensland (Department of Transport and Main Roads),Filtered and reshaped by Caraway
2019,Hydrogen,0,20c5c7c4-1a76-44b8-b3cb-ea4a37e57d28,https://www.stateoftheenvironment.detsi.qld.gov.au/pollution/air-quality/number-of-registered-vehicles,https://caraway.au/resources/queensland-vehicle-data#queensland-fuel-trends,https://creativecommons.org/licenses/by/4.0/,© The State of Queensland (Department of Transport and Main Roads),Filtered and reshaped by Caraway
2019,Petrol,2456774,20c5c7c4-1a76-44b8-b3cb-ea4a37e57d28,https://www.stateoftheenvironment.detsi.qld.gov.au/pollution/air-quality/number-of-registered-vehicles,https://caraway.au/resources/queensland-vehicle-data#queensland-fuel-trends,https://creativecommons.org/licenses/by/4.0/,© The State of Queensland (Department of Transport and Main Roads),Filtered and reshaped by Caraway
2019,Petrol/Electric,22765,20c5c7c4-1a76-44b8-b3cb-ea4a37e57d28,https://www.stateoftheenvironment.detsi.qld.gov.au/pollution/air-quality/number-of-registered-vehicles,https://caraway.au/resources/queensland-vehicle-data#queensland-fuel-trends,https://creativecommons.org/licenses/by/4.0/,© The State of Queensland (Department of Transport and Main Roads),Filtered and reshaped by Caraway
2019,Petrol/Gas,14948,20c5c7c4-1a76-44b8-b3cb-ea4a37e57d28,https://www.stateoftheenvironment.detsi.qld.gov.au/pollution/air-quality/number-of-registered-vehicles,https://caraway.au/resources/queensland-vehicle-data#queensland-fuel-trends,https://creativecommons.org/licenses/by/4.0/,© The State of Queensland (Department of Transport and Main Roads),Filtered and reshaped by Caraway
2019,Steam,1,20c5c7c4-1a76-44b8-b3cb-ea4a37e57d28,https://www.stateoftheenvironment.detsi.qld.gov.au/pollution/air-quality/number-of-registered-vehicles,https://caraway.au/resources/queensland-vehicle-data#queensland-fuel-trends,https://creativecommons.org/licenses/by/4.0/,© The State of Queensland (Department of Transport and Main Roads),Filtered and reshaped by Caraway
2020,Diesel,441357,20c5c7c4-1a76-44b8-b3cb-ea4a37e57d28,https://www.stateoftheenvironment.detsi.qld.gov.au/pollution/air-quality/number-of-registered-vehicles,https://caraway.au/resources/queensland-vehicle-data#queensland-fuel-trends,https://creativecommons.org/licenses/by/4.0/,© The State of Queensland (Department of Transport and Main Roads),Filtered and reshaped by Caraway
2020,Diesel/Electric,66,20c5c7c4-1a76-44b8-b3cb-ea4a37e57d28,https://www.stateoftheenvironment.detsi.qld.gov.au/pollution/air-quality/number-of-registered-vehicles,https://caraway.au/resources/queensland-vehicle-data#queensland-fuel-trends,https://creativecommons.org/licenses/by/4.0/,© The State of Queensland (Department of Transport and Main Roads),Filtered and reshaped by Caraway
2020,Diesel/Gas,393,20c5c7c4-1a76-44b8-b3cb-ea4a37e57d28,https://www.stateoftheenvironment.detsi.qld.gov.au/pollution/air-quality/number-of-registered-vehicles,https://caraway.au/resources/queensland-vehicle-data#queensland-fuel-trends,https://creativecommons.org/licenses/by/4.0/,© The State of Queensland (Department of Transport and Main Roads),Filtered and reshaped by Caraway
2020,Electric,2327,20c5c7c4-1a76-44b8-b3cb-ea4a37e57d28,https://www.stateoftheenvironment.detsi.qld.gov.au/pollution/air-quality/number-of-registered-vehicles,https://caraway.au/resources/queensland-vehicle-data#queensland-fuel-trends,https://creativecommons.org/licenses/by/4.0/,© The State of Queensland (Department of Transport and Main Roads),Filtered and reshaped by Caraway
2020,Gas,1915,20c5c7c4-1a76-44b8-b3cb-ea4a37e57d28,https://www.stateoftheenvironment.detsi.qld.gov.au/pollution/air-quality/number-of-registered-vehicles,https://caraway.au/resources/queensland-vehicle-data#queensland-fuel-trends,https://creativecommons.org/licenses/by/4.0/,© The State of Queensland (Department of Transport and Main Roads),Filtered and reshaped by Caraway
2020,Kerosine,1,20c5c7c4-1a76-44b8-b3cb-ea4a37e57d28,https://www.stateoftheenvironment.detsi.qld.gov.au/pollution/air-quality/number-of-registered-vehicles,https://caraway.au/resources/queensland-vehicle-data#queensland-fuel-trends,https://creativecommons.org/licenses/by/4.0/,© The State of Queensland (Department of Transport and Main Roads),Filtered and reshaped by Caraway
2020,Hydrogen,0,20c5c7c4-1a76-44b8-b3cb-ea4a37e57d28,https://www.stateoftheenvironment.detsi.qld.gov.au/pollution/air-quality/number-of-registered-vehicles,https://caraway.au/resources/queensland-vehicle-data#queensland-fuel-trends,https://creativecommons.org/licenses/by/4.0/,© The State of Queensland (Department of Transport and Main Roads),Filtered and reshaped by Caraway
2020,Petrol,2455655,20c5c7c4-1a76-44b8-b3cb-ea4a37e57d28,https://www.stateoftheenvironment.detsi.qld.gov.au/pollution/air-quality/number-of-registered-vehicles,https://caraway.au/resources/queensland-vehicle-data#queensland-fuel-trends,https://creativecommons.org/licenses/by/4.0/,© The State of Queensland (Department of Transport and Main Roads),Filtered and reshaped by Caraway
2020,Petrol/Electric,29879,20c5c7c4-1a76-44b8-b3cb-ea4a37e57d28,https://www.stateoftheenvironment.detsi.qld.gov.au/pollution/air-quality/number-of-registered-vehicles,https://caraway.au/resources/queensland-vehicle-data#queensland-fuel-trends,https://creativecommons.org/licenses/by/4.0/,© The State of Queensland (Department of Transport and Main Roads),Filtered and reshaped by Caraway
2020,Petrol/Gas,13206,20c5c7c4-1a76-44b8-b3cb-ea4a37e57d28,https://www.stateoftheenvironment.detsi.qld.gov.au/pollution/air-quality/number-of-registered-vehicles,https://caraway.au/resources/queensland-vehicle-data#queensland-fuel-trends,https://creativecommons.org/licenses/by/4.0/,© The State of Queensland (Department of Transport and Main Roads),Filtered and reshaped by Caraway
2020,Steam,1,20c5c7c4-1a76-44b8-b3cb-ea4a37e57d28,https://www.stateoftheenvironment.detsi.qld.gov.au/pollution/air-quality/number-of-registered-vehicles,https://caraway.au/resources/queensland-vehicle-data#queensland-fuel-trends,https://creativecommons.org/licenses/by/4.0/,© The State of Queensland (Department of Transport and Main Roads),Filtered and reshaped by Caraway
2021,Diesel,464127,20c5c7c4-1a76-44b8-b3cb-ea4a37e57d28,https://www.stateoftheenvironment.detsi.qld.gov.au/pollution/air-quality/number-of-registered-vehicles,https://caraway.au/resources/queensland-vehicle-data#queensland-fuel-trends,https://creativecommons.org/licenses/by/4.0/,© The State of Queensland (Department of Transport and Main Roads),Filtered and reshaped by Caraway
2021,Diesel/Electric,71,20c5c7c4-1a76-44b8-b3cb-ea4a37e57d28,https://www.stateoftheenvironment.detsi.qld.gov.au/pollution/air-quality/number-of-registered-vehicles,https://caraway.au/resources/queensland-vehicle-data#queensland-fuel-trends,https://creativecommons.org/licenses/by/4.0/,© The State of Queensland (Department of Transport and Main Roads),Filtered and reshaped by Caraway
2021,Diesel/Gas,375,20c5c7c4-1a76-44b8-b3cb-ea4a37e57d28,https://www.stateoftheenvironment.detsi.qld.gov.au/pollution/air-quality/number-of-registered-vehicles,https://caraway.au/resources/queensland-vehicle-data#queensland-fuel-trends,https://creativecommons.org/licenses/by/4.0/,© The State of Queensland (Department of Transport and Main Roads),Filtered and reshaped by Caraway
2021,Electric,4571,20c5c7c4-1a76-44b8-b3cb-ea4a37e57d28,https://www.stateoftheenvironment.detsi.qld.gov.au/pollution/air-quality/number-of-registered-vehicles,https://caraway.au/resources/queensland-vehicle-data#queensland-fuel-trends,https://creativecommons.org/licenses/by/4.0/,© The State of Queensland (Department of Transport and Main Roads),Filtered and reshaped by Caraway
2021,Gas,1705,20c5c7c4-1a76-44b8-b3cb-ea4a37e57d28,https://www.stateoftheenvironment.detsi.qld.gov.au/pollution/air-quality/number-of-registered-vehicles,https://caraway.au/resources/queensland-vehicle-data#queensland-fuel-trends,https://creativecommons.org/licenses/by/4.0/,© The State of Queensland (Department of Transport and Main Roads),Filtered and reshaped by Caraway
2021,Kerosine,0,20c5c7c4-1a76-44b8-b3cb-ea4a37e57d28,https://www.stateoftheenvironment.detsi.qld.gov.au/pollution/air-quality/number-of-registered-vehicles,https://caraway.au/resources/queensland-vehicle-data#queensland-fuel-trends,https://creativecommons.org/licenses/by/4.0/,© The State of Queensland (Department of Transport and Main Roads),Filtered and reshaped by Caraway
2021,Hydrogen,0,20c5c7c4-1a76-44b8-b3cb-ea4a37e57d28,https://www.stateoftheenvironment.detsi.qld.gov.au/pollution/air-quality/number-of-registered-vehicles,https://caraway.au/resources/queensland-vehicle-data#queensland-fuel-trends,https://creativecommons.org/licenses/by/4.0/,© The State of Queensland (Department of Transport and Main Roads),Filtered and reshaped by Caraway
2021,Petrol,2502290,20c5c7c4-1a76-44b8-b3cb-ea4a37e57d28,https://www.stateoftheenvironment.detsi.qld.gov.au/pollution/air-quality/number-of-registered-vehicles,https://caraway.au/resources/queensland-vehicle-data#queensland-fuel-trends,https://creativecommons.org/licenses/by/4.0/,© The State of Queensland (Department of Transport and Main Roads),Filtered and reshaped by Caraway
2021,Petrol/Electric,45348,20c5c7c4-1a76-44b8-b3cb-ea4a37e57d28,https://www.stateoftheenvironment.detsi.qld.gov.au/pollution/air-quality/number-of-registered-vehicles,https://caraway.au/resources/queensland-vehicle-data#queensland-fuel-trends,https://creativecommons.org/licenses/by/4.0/,© The State of Queensland (Department of Transport and Main Roads),Filtered and reshaped by Caraway
2021,Petrol/Gas,12033,20c5c7c4-1a76-44b8-b3cb-ea4a37e57d28,https://www.stateoftheenvironment.detsi.qld.gov.au/pollution/air-quality/number-of-registered-vehicles,https://caraway.au/resources/queensland-vehicle-data#queensland-fuel-trends,https://creativecommons.org/licenses/by/4.0/,© The State of Queensland (Department of Transport and Main Roads),Filtered and reshaped by Caraway
2021,Steam,1,20c5c7c4-1a76-44b8-b3cb-ea4a37e57d28,https://www.stateoftheenvironment.detsi.qld.gov.au/pollution/air-quality/number-of-registered-vehicles,https://caraway.au/resources/queensland-vehicle-data#queensland-fuel-trends,https://creativecommons.org/licenses/by/4.0/,© The State of Queensland (Department of Transport and Main Roads),Filtered and reshaped by Caraway
2022,Diesel,483820,20c5c7c4-1a76-44b8-b3cb-ea4a37e57d28,https://www.stateoftheenvironment.detsi.qld.gov.au/pollution/air-quality/number-of-registered-vehicles,https://caraway.au/resources/queensland-vehicle-data#queensland-fuel-trends,https://creativecommons.org/licenses/by/4.0/,© The State of Queensland (Department of Transport and Main Roads),Filtered and reshaped by Caraway
2022,Diesel/Electric,71,20c5c7c4-1a76-44b8-b3cb-ea4a37e57d28,https://www.stateoftheenvironment.detsi.qld.gov.au/pollution/air-quality/number-of-registered-vehicles,https://caraway.au/resources/queensland-vehicle-data#queensland-fuel-trends,https://creativecommons.org/licenses/by/4.0/,© The State of Queensland (Department of Transport and Main Roads),Filtered and reshaped by Caraway
2022,Diesel/Gas,350,20c5c7c4-1a76-44b8-b3cb-ea4a37e57d28,https://www.stateoftheenvironment.detsi.qld.gov.au/pollution/air-quality/number-of-registered-vehicles,https://caraway.au/resources/queensland-vehicle-data#queensland-fuel-trends,https://creativecommons.org/licenses/by/4.0/,© The State of Queensland (Department of Transport and Main Roads),Filtered and reshaped by Caraway
2022,Electric,9055,20c5c7c4-1a76-44b8-b3cb-ea4a37e57d28,https://www.stateoftheenvironment.detsi.qld.gov.au/pollution/air-quality/number-of-registered-vehicles,https://caraway.au/resources/queensland-vehicle-data#queensland-fuel-trends,https://creativecommons.org/licenses/by/4.0/,© The State of Queensland (Department of Transport and Main Roads),Filtered and reshaped by Caraway
2022,Gas,1544,20c5c7c4-1a76-44b8-b3cb-ea4a37e57d28,https://www.stateoftheenvironment.detsi.qld.gov.au/pollution/air-quality/number-of-registered-vehicles,https://caraway.au/resources/queensland-vehicle-data#queensland-fuel-trends,https://creativecommons.org/licenses/by/4.0/,© The State of Queensland (Department of Transport and Main Roads),Filtered and reshaped by Caraway
2022,Kerosine,1,20c5c7c4-1a76-44b8-b3cb-ea4a37e57d28,https://www.stateoftheenvironment.detsi.qld.gov.au/pollution/air-quality/number-of-registered-vehicles,https://caraway.au/resources/queensland-vehicle-data#queensland-fuel-trends,https://creativecommons.org/licenses/by/4.0/,© The State of Queensland (Department of Transport and Main Roads),Filtered and reshaped by Caraway
2022,Hydrogen,0,20c5c7c4-1a76-44b8-b3cb-ea4a37e57d28,https://www.stateoftheenvironment.detsi.qld.gov.au/pollution/air-quality/number-of-registered-vehicles,https://caraway.au/resources/queensland-vehicle-data#queensland-fuel-trends,https://creativecommons.org/licenses/by/4.0/,© The State of Queensland (Department of Transport and Main Roads),Filtered and reshaped by Caraway
2022,Petrol,2522079,20c5c7c4-1a76-44b8-b3cb-ea4a37e57d28,https://www.stateoftheenvironment.detsi.qld.gov.au/pollution/air-quality/number-of-registered-vehicles,https://caraway.au/resources/queensland-vehicle-data#queensland-fuel-trends,https://creativecommons.org/licenses/by/4.0/,© The State of Queensland (Department of Transport and Main Roads),Filtered and reshaped by Caraway
2022,Petrol/Electric,61107,20c5c7c4-1a76-44b8-b3cb-ea4a37e57d28,https://www.stateoftheenvironment.detsi.qld.gov.au/pollution/air-quality/number-of-registered-vehicles,https://caraway.au/resources/queensland-vehicle-data#queensland-fuel-trends,https://creativecommons.org/licenses/by/4.0/,© The State of Queensland (Department of Transport and Main Roads),Filtered and reshaped by Caraway
2022,Petrol/Gas,10697,20c5c7c4-1a76-44b8-b3cb-ea4a37e57d28,https://www.stateoftheenvironment.detsi.qld.gov.au/pollution/air-quality/number-of-registered-vehicles,https://caraway.au/resources/queensland-vehicle-data#queensland-fuel-trends,https://creativecommons.org/licenses/by/4.0/,© The State of Queensland (Department of Transport and Main Roads),Filtered and reshaped by Caraway
2022,Steam,1,20c5c7c4-1a76-44b8-b3cb-ea4a37e57d28,https://www.stateoftheenvironment.detsi.qld.gov.au/pollution/air-quality/number-of-registered-vehicles,https://caraway.au/resources/queensland-vehicle-data#queensland-fuel-trends,https://creativecommons.org/licenses/by/4.0/,© The State of Queensland (Department of Transport and Main Roads),Filtered and reshaped by Caraway
2023,Diesel,504683,20c5c7c4-1a76-44b8-b3cb-ea4a37e57d28,https://www.stateoftheenvironment.detsi.qld.gov.au/pollution/air-quality/number-of-registered-vehicles,https://caraway.au/resources/queensland-vehicle-data#queensland-fuel-trends,https://creativecommons.org/licenses/by/4.0/,© The State of Queensland (Department of Transport and Main Roads),Filtered and reshaped by Caraway
2023,Diesel/Electric,75,20c5c7c4-1a76-44b8-b3cb-ea4a37e57d28,https://www.stateoftheenvironment.detsi.qld.gov.au/pollution/air-quality/number-of-registered-vehicles,https://caraway.au/resources/queensland-vehicle-data#queensland-fuel-trends,https://creativecommons.org/licenses/by/4.0/,© The State of Queensland (Department of Transport and Main Roads),Filtered and reshaped by Caraway
2023,Diesel/Gas,333,20c5c7c4-1a76-44b8-b3cb-ea4a37e57d28,https://www.stateoftheenvironment.detsi.qld.gov.au/pollution/air-quality/number-of-registered-vehicles,https://caraway.au/resources/queensland-vehicle-data#queensland-fuel-trends,https://creativecommons.org/licenses/by/4.0/,© The State of Queensland (Department of Transport and Main Roads),Filtered and reshaped by Caraway
2023,Electric,22981,20c5c7c4-1a76-44b8-b3cb-ea4a37e57d28,https://www.stateoftheenvironment.detsi.qld.gov.au/pollution/air-quality/number-of-registered-vehicles,https://caraway.au/resources/queensland-vehicle-data#queensland-fuel-trends,https://creativecommons.org/licenses/by/4.0/,© The State of Queensland (Department of Transport and Main Roads),Filtered and reshaped by Caraway
2023,Gas,1399,20c5c7c4-1a76-44b8-b3cb-ea4a37e57d28,https://www.stateoftheenvironment.detsi.qld.gov.au/pollution/air-quality/number-of-registered-vehicles,https://caraway.au/resources/queensland-vehicle-data#queensland-fuel-trends,https://creativecommons.org/licenses/by/4.0/,© The State of Queensland (Department of Transport and Main Roads),Filtered and reshaped by Caraway
2023,Kerosine,0,20c5c7c4-1a76-44b8-b3cb-ea4a37e57d28,https://www.stateoftheenvironment.detsi.qld.gov.au/pollution/air-quality/number-of-registered-vehicles,https://caraway.au/resources/queensland-vehicle-data#queensland-fuel-trends,https://creativecommons.org/licenses/by/4.0/,© The State of Queensland (Department of Transport and Main Roads),Filtered and reshaped by Caraway
2023,Hydrogen,1,20c5c7c4-1a76-44b8-b3cb-ea4a37e57d28,https://www.stateoftheenvironment.detsi.qld.gov.au/pollution/air-quality/number-of-registered-vehicles,https://caraway.au/resources/queensland-vehicle-data#queensland-fuel-trends,https://creativecommons.org/licenses/by/4.0/,© The State of Queensland (Department of Transport and Main Roads),Filtered and reshaped by Caraway
2023,Petrol,2559699,20c5c7c4-1a76-44b8-b3cb-ea4a37e57d28,https://www.stateoftheenvironment.detsi.qld.gov.au/pollution/air-quality/number-of-registered-vehicles,https://caraway.au/resources/queensland-vehicle-data#queensland-fuel-trends,https://creativecommons.org/licenses/by/4.0/,© The State of Queensland (Department of Transport and Main Roads),Filtered and reshaped by Caraway
2023,Petrol/Electric,79245,20c5c7c4-1a76-44b8-b3cb-ea4a37e57d28,https://www.stateoftheenvironment.detsi.qld.gov.au/pollution/air-quality/number-of-registered-vehicles,https://caraway.au/resources/queensland-vehicle-data#queensland-fuel-trends,https://creativecommons.org/licenses/by/4.0/,© The State of Queensland (Department of Transport and Main Roads),Filtered and reshaped by Caraway
2023,Petrol/Gas,9634,20c5c7c4-1a76-44b8-b3cb-ea4a37e57d28,https://www.stateoftheenvironment.detsi.qld.gov.au/pollution/air-quality/number-of-registered-vehicles,https://caraway.au/resources/queensland-vehicle-data#queensland-fuel-trends,https://creativecommons.org/licenses/by/4.0/,© The State of Queensland (Department of Transport and Main Roads),Filtered and reshaped by Caraway
2023,Steam,1,20c5c7c4-1a76-44b8-b3cb-ea4a37e57d28,https://www.stateoftheenvironment.detsi.qld.gov.au/pollution/air-quality/number-of-registered-vehicles,https://caraway.au/resources/queensland-vehicle-data#queensland-fuel-trends,https://creativecommons.org/licenses/by/4.0/,© The State of Queensland (Department of Transport and Main Roads),Filtered and reshaped by Caraway
2024,Diesel,525665,20c5c7c4-1a76-44b8-b3cb-ea4a37e57d28,https://www.stateoftheenvironment.detsi.qld.gov.au/pollution/air-quality/number-of-registered-vehicles,https://caraway.au/resources/queensland-vehicle-data#queensland-fuel-trends,https://creativecommons.org/licenses/by/4.0/,© The State of Queensland (Department of Transport and Main Roads),Filtered and reshaped by Caraway
2024,Diesel/Electric,75,20c5c7c4-1a76-44b8-b3cb-ea4a37e57d28,https://www.stateoftheenvironment.detsi.qld.gov.au/pollution/air-quality/number-of-registered-vehicles,https://caraway.au/resources/queensland-vehicle-data#queensland-fuel-trends,https://creativecommons.org/licenses/by/4.0/,© The State of Queensland (Department of Transport and Main Roads),Filtered and reshaped by Caraway
2024,Diesel/Gas,314,20c5c7c4-1a76-44b8-b3cb-ea4a37e57d28,https://www.stateoftheenvironment.detsi.qld.gov.au/pollution/air-quality/number-of-registered-vehicles,https://caraway.au/resources/queensland-vehicle-data#queensland-fuel-trends,https://creativecommons.org/licenses/by/4.0/,© The State of Queensland (Department of Transport and Main Roads),Filtered and reshaped by Caraway
2024,Electric,44398,20c5c7c4-1a76-44b8-b3cb-ea4a37e57d28,https://www.stateoftheenvironment.detsi.qld.gov.au/pollution/air-quality/number-of-registered-vehicles,https://caraway.au/resources/queensland-vehicle-data#queensland-fuel-trends,https://creativecommons.org/licenses/by/4.0/,© The State of Queensland (Department of Transport and Main Roads),Filtered and reshaped by Caraway
2024,Gas,1217,20c5c7c4-1a76-44b8-b3cb-ea4a37e57d28,https://www.stateoftheenvironment.detsi.qld.gov.au/pollution/air-quality/number-of-registered-vehicles,https://caraway.au/resources/queensland-vehicle-data#queensland-fuel-trends,https://creativecommons.org/licenses/by/4.0/,© The State of Queensland (Department of Transport and Main Roads),Filtered and reshaped by Caraway
2024,Kerosine,0,20c5c7c4-1a76-44b8-b3cb-ea4a37e57d28,https://www.stateoftheenvironment.detsi.qld.gov.au/pollution/air-quality/number-of-registered-vehicles,https://caraway.au/resources/queensland-vehicle-data#queensland-fuel-trends,https://creativecommons.org/licenses/by/4.0/,© The State of Queensland (Department of Transport and Main Roads),Filtered and reshaped by Caraway
2024,Hydrogen,3,20c5c7c4-1a76-44b8-b3cb-ea4a37e57d28,https://www.stateoftheenvironment.detsi.qld.gov.au/pollution/air-quality/number-of-registered-vehicles,https://caraway.au/resources/queensland-vehicle-data#queensland-fuel-trends,https://creativecommons.org/licenses/by/4.0/,© The State of Queensland (Department of Transport and Main Roads),Filtered and reshaped by Caraway
2024,Petrol,2576141,20c5c7c4-1a76-44b8-b3cb-ea4a37e57d28,https://www.stateoftheenvironment.detsi.qld.gov.au/pollution/air-quality/number-of-registered-vehicles,https://caraway.au/resources/queensland-vehicle-data#queensland-fuel-trends,https://creativecommons.org/licenses/by/4.0/,© The State of Queensland (Department of Transport and Main Roads),Filtered and reshaped by Caraway
2024,Petrol/Electric,110604,20c5c7c4-1a76-44b8-b3cb-ea4a37e57d28,https://www.stateoftheenvironment.detsi.qld.gov.au/pollution/air-quality/number-of-registered-vehicles,https://caraway.au/resources/queensland-vehicle-data#queensland-fuel-trends,https://creativecommons.org/licenses/by/4.0/,© The State of Queensland (Department of Transport and Main Roads),Filtered and reshaped by Caraway
2024,Petrol/Gas,8560,20c5c7c4-1a76-44b8-b3cb-ea4a37e57d28,https://www.stateoftheenvironment.detsi.qld.gov.au/pollution/air-quality/number-of-registered-vehicles,https://caraway.au/resources/queensland-vehicle-data#queensland-fuel-trends,https://creativecommons.org/licenses/by/4.0/,© The State of Queensland (Department of Transport and Main Roads),Filtered and reshaped by Caraway
2024,Steam,1,20c5c7c4-1a76-44b8-b3cb-ea4a37e57d28,https://www.stateoftheenvironment.detsi.qld.gov.au/pollution/air-quality/number-of-registered-vehicles,https://caraway.au/resources/queensland-vehicle-data#queensland-fuel-trends,https://creativecommons.org/licenses/by/4.0/,© The State of Queensland (Department of Transport and Main Roads),Filtered and reshaped by Caraway
